application_id,candidate_id,offer_id,application_date
1,1,1,10/7/2024
2,2,2,8/30/2024
3,3,3,2/5/2024
4,4,4,9/9/2024
5,5,5,10/17/2024
6,6,6,11/8/2024
7,7,7,9/5/2024
8,8,8,10/15/2024
9,9,9,5/10/2024
10,10,10,1/3/2024
11,11,11,9/2/2024
12,12,12,10/17/2024
13,13,13,2/18/2024
14,14,14,5/3/2024
15,15,15,7/3/2024
16,16,16,5/16/2024
17,17,17,6/22/2024
18,18,18,10/28/2024
19,19,19,10/4/2024
20,20,20,10/22/2024
21,21,21,2/15/2024
22,22,22,2/22/2024
23,23,23,4/9/2024
24,24,24,8/18/2024
25,25,25,8/2/2024
26,26,26,12/25/2023
27,27,27,7/16/2024
28,28,28,3/28/2024
29,29,29,11/23/2024
30,30,30,2/23/2024
31,31,31,3/19/2024
32,32,32,9/4/2024
33,33,33,8/2/2024
34,34,34,8/29/2024
35,35,35,12/5/2023
36,36,36,11/25/2023
37,37,37,11/16/2024
38,38,38,11/24/2024
39,39,39,7/4/2024
40,40,40,4/27/2024
41,41,41,1/27/2024
42,42,42,4/17/2024
43,43,43,2/1/2024
44,44,44,1/14/2024
45,45,45,4/13/2024
46,46,46,10/30/2024
47,47,47,9/28/2024
48,48,48,10/11/2024
49,49,49,5/1/2024
50,50,50,3/5/2024
51,51,51,6/2/2024
52,52,52,7/2/2024
53,53,53,4/30/2024
54,54,54,10/17/2024
55,55,55,11/1/2024
56,56,56,7/9/2024
57,57,57,10/6/2024
58,58,58,8/27/2024
59,59,59,3/17/2024
60,60,60,10/18/2024
61,61,61,4/5/2024
62,62,62,8/10/2024
63,63,63,2/8/2024
64,64,64,3/2/2024
65,65,65,2/8/2024
66,66,66,3/10/2024
67,67,67,6/19/2024
68,68,68,2/7/2024
69,69,69,4/6/2024
70,70,70,7/9/2024
71,71,71,7/22/2024
72,72,72,6/7/2024
73,73,73,1/16/2024
74,74,74,1/19/2024
75,75,75,8/6/2024
76,76,76,6/5/2024
77,77,77,9/15/2024
78,78,78,5/25/2024
79,79,79,5/31/2024
80,80,80,2/18/2024
81,81,81,11/7/2024
82,82,82,11/12/2024
83,83,83,2/24/2024
84,84,84,6/23/2024
85,85,85,4/18/2024
86,86,86,1/26/2024
87,87,87,1/20/2024
88,88,88,9/5/2024
89,89,89,10/11/2024
90,90,90,10/24/2024
91,91,91,9/25/2024
92,92,92,3/25/2024
93,93,93,8/29/2024
94,94,94,5/9/2024
95,95,95,4/3/2024
96,96,96,6/16/2024
97,97,97,6/23/2024
98,98,98,1/27/2024
99,99,99,9/30/2024
100,100,100,10/23/2024
101,101,101,4/14/2024
102,102,102,4/6/2024
103,103,103,8/1/2024
104,104,104,9/28/2024
105,105,105,8/6/2024
106,106,106,10/25/2024
107,107,107,10/4/2024
108,108,108,4/12/2024
109,109,109,9/20/2024
110,110,110,10/2/2024
111,111,111,10/2/2024
112,112,112,3/6/2024
113,113,113,4/30/2024
114,114,114,10/8/2024
115,115,115,12/6/2023
116,116,116,10/29/2024
117,117,117,1/31/2024
118,118,118,12/28/2023
119,119,119,7/4/2024
120,120,120,4/24/2024
121,121,121,2/5/2024
122,122,122,12/17/2023
123,123,123,2/6/2024
124,124,124,5/21/2024
125,125,125,7/20/2024
126,126,126,10/26/2024
127,127,127,10/10/2024
128,128,128,10/27/2024
129,129,129,4/26/2024
130,130,130,11/2/2024
131,131,131,7/19/2024
132,132,132,8/4/2024
133,133,133,10/13/2024
134,134,134,9/20/2024
135,135,135,11/3/2024
136,136,136,6/9/2024
137,137,137,3/11/2024
138,138,138,3/10/2024
139,139,139,8/5/2024
140,140,140,2/26/2024
141,141,141,4/23/2024
142,142,142,12/24/2023
143,143,143,11/25/2023
144,144,144,9/22/2024
145,145,145,12/13/2023
146,146,146,4/22/2024
147,147,147,2/29/2024
148,148,148,5/23/2024
149,149,149,1/14/2024
150,150,150,5/5/2024
151,151,151,8/25/2024
152,152,152,8/22/2024
153,153,153,11/8/2024
154,154,154,4/9/2024
155,155,155,6/2/2024
156,156,156,7/24/2024
157,157,157,5/14/2024
158,158,158,10/28/2024
159,159,159,11/20/2024
160,160,160,11/30/2023
161,161,161,2/9/2024
162,162,162,3/11/2024
163,163,163,1/31/2024
164,164,164,10/2/2024
165,165,165,10/30/2024
166,166,166,9/19/2024
167,167,167,5/25/2024
168,168,168,10/12/2024
169,169,169,1/27/2024
170,170,170,7/31/2024
171,171,171,10/20/2024
172,172,172,12/15/2023
173,173,173,10/3/2024
174,174,174,9/10/2024
175,175,175,4/11/2024
176,176,176,4/26/2024
177,177,177,12/25/2023
178,178,178,4/23/2024
179,179,179,6/1/2024
180,180,180,5/16/2024
181,181,181,7/3/2024
182,182,182,5/9/2024
183,183,183,12/29/2023
184,184,184,6/24/2024
185,185,185,1/9/2024
186,186,186,3/15/2024
187,187,187,4/13/2024
188,188,188,7/26/2024
189,189,189,7/2/2024
190,190,190,3/7/2024
191,191,191,1/1/2024
192,192,192,4/29/2024
193,193,193,4/17/2024
194,194,194,2/22/2024
195,195,195,3/29/2024
196,196,196,5/4/2024
197,197,197,2/3/2024
198,198,198,7/29/2024
199,199,199,6/2/2024
200,200,200,10/26/2024
201,201,201,5/19/2024
202,202,202,12/23/2023
203,203,203,7/16/2024
204,204,204,10/4/2024
205,205,205,8/4/2024
206,206,206,12/15/2023
207,207,207,4/16/2024
208,208,208,6/27/2024
209,209,209,5/21/2024
210,210,210,9/7/2024
211,211,211,2/3/2024
212,212,212,1/17/2024
213,213,213,10/19/2024
214,214,214,11/8/2024
215,215,215,9/7/2024
216,216,216,4/9/2024
217,217,217,11/11/2024
218,218,218,9/8/2024
219,219,219,1/27/2024
220,220,220,1/6/2024
221,221,221,3/15/2024
222,222,222,4/28/2024
223,223,223,8/1/2024
224,224,224,7/9/2024
225,225,225,7/20/2024
226,226,226,1/7/2024
227,227,227,12/7/2023
228,228,228,2/10/2024
229,229,229,11/21/2024
230,230,230,4/8/2024
231,231,231,1/9/2024
232,232,232,7/16/2024
233,233,233,8/17/2024
234,234,234,1/7/2024
235,235,235,7/13/2024
236,236,236,1/2/2024
237,237,237,5/30/2024
238,238,238,3/30/2024
239,239,239,4/5/2024
240,240,240,11/1/2024
241,241,241,5/27/2024
242,242,242,5/17/2024
243,243,243,1/16/2024
244,244,244,5/18/2024
245,245,245,11/18/2024
246,246,246,12/19/2023
247,247,247,4/4/2024
248,248,248,9/21/2024
249,249,249,8/15/2024
250,250,250,8/18/2024
251,251,251,7/11/2024
252,252,252,2/18/2024
253,253,253,10/26/2024
254,254,254,12/15/2023
255,255,255,9/19/2024
256,256,256,2/3/2024
257,257,257,7/30/2024
258,258,258,5/8/2024
259,259,259,10/27/2024
260,260,260,8/9/2024
261,261,261,11/15/2024
262,262,262,8/21/2024
263,263,263,2/8/2024
264,264,264,6/30/2024
265,265,265,7/24/2024
266,266,266,4/25/2024
267,267,267,3/2/2024
268,268,268,11/10/2024
269,269,269,10/26/2024
270,270,270,2/14/2024
271,271,271,11/14/2024
272,272,272,4/25/2024
273,273,273,1/26/2024
274,274,274,8/8/2024
275,275,275,12/21/2023
276,276,276,9/17/2024
277,277,277,11/13/2024
278,278,278,4/19/2024
279,279,279,5/16/2024
280,280,280,4/23/2024
281,281,281,12/3/2023
282,282,282,4/10/2024
283,283,283,10/11/2024
284,284,284,7/3/2024
285,285,285,6/1/2024
286,286,286,9/10/2024
287,287,287,7/13/2024
288,288,288,9/4/2024
289,289,289,2/16/2024
290,290,290,6/1/2024
291,291,291,2/18/2024
292,292,292,7/10/2024
293,293,293,5/25/2024
294,294,294,12/12/2023
295,295,295,11/11/2024
296,296,296,5/6/2024
297,297,297,7/15/2024
298,298,298,6/7/2024
299,299,299,4/18/2024
300,300,300,2/3/2024
301,301,301,12/9/2023
302,302,302,7/21/2024
303,303,303,8/8/2024
304,304,304,7/23/2024
305,305,305,9/17/2024
306,306,306,8/24/2024
307,307,307,7/23/2024
308,308,308,10/13/2024
309,309,309,1/27/2024
310,310,310,1/12/2024
311,311,311,1/15/2024
312,312,312,5/11/2024
313,313,313,1/13/2024
314,314,314,1/18/2024
315,315,315,10/10/2024
316,316,316,5/12/2024
317,317,317,5/19/2024
318,318,318,11/17/2024
319,319,319,2/6/2024
320,320,320,2/4/2024
321,321,321,1/14/2024
322,322,322,5/16/2024
323,323,323,12/6/2023
324,324,324,7/27/2024
325,325,325,3/23/2024
326,326,326,7/9/2024
327,327,327,7/5/2024
328,328,328,6/19/2024
329,329,329,11/20/2024
330,330,330,1/21/2024
331,331,331,8/25/2024
332,332,332,2/3/2024
333,333,333,12/6/2023
334,334,334,12/31/2023
335,335,335,7/2/2024
336,336,336,2/26/2024
337,337,337,9/15/2024
338,338,338,4/29/2024
339,339,339,2/21/2024
340,340,340,8/15/2024
341,341,341,2/3/2024
342,342,342,1/29/2024
343,343,343,10/25/2024
344,344,344,8/4/2024
345,345,345,2/8/2024
346,346,346,5/16/2024
347,347,347,9/26/2024
348,348,348,1/26/2024
349,349,349,1/27/2024
350,350,350,3/9/2024
351,351,351,11/21/2024
352,352,352,5/22/2024
353,353,353,12/2/2023
354,354,354,9/21/2024
355,355,355,7/4/2024
356,356,356,12/7/2023
357,357,357,8/22/2024
358,358,358,10/2/2024
359,359,359,8/7/2024
360,360,360,11/13/2024
361,361,361,4/13/2024
362,362,362,6/1/2024
363,363,363,6/22/2024
364,364,364,8/28/2024
365,365,365,11/18/2024
366,366,366,11/25/2023
367,367,367,10/25/2024
368,368,368,10/8/2024
369,369,369,12/23/2023
370,370,370,4/9/2024
371,371,371,4/17/2024
372,372,372,6/5/2024
373,373,373,9/12/2024
374,374,374,2/13/2024
375,375,375,2/12/2024
376,376,376,12/19/2023
377,377,377,1/2/2024
378,378,378,9/13/2024
379,379,379,12/23/2023
380,380,380,9/1/2024
381,381,381,12/12/2023
382,382,382,12/4/2023
383,383,383,8/27/2024
384,384,384,7/10/2024
385,385,385,4/19/2024
386,386,386,2/2/2024
387,387,387,10/20/2024
388,388,388,8/28/2024
389,389,389,9/17/2024
390,390,390,7/11/2024
391,391,391,6/30/2024
392,392,392,2/18/2024
393,393,393,8/2/2024
394,394,394,8/12/2024
395,395,395,1/8/2024
396,396,396,8/14/2024
397,397,397,2/26/2024
398,398,398,11/14/2024
399,399,399,2/27/2024
400,400,400,4/12/2024
401,401,401,11/16/2024
402,402,402,12/29/2023
403,403,403,2/11/2024
404,404,404,7/29/2024
405,405,405,10/15/2024
406,406,406,7/15/2024
407,407,407,7/29/2024
408,408,408,2/5/2024
409,409,409,6/26/2024
410,410,410,4/28/2024
411,411,411,3/26/2024
412,412,412,6/29/2024
413,413,413,8/4/2024
414,414,414,7/19/2024
415,415,415,9/11/2024
416,416,416,3/29/2024
417,417,417,8/2/2024
418,418,418,12/4/2023
419,419,419,2/13/2024
420,420,420,11/30/2023
421,421,421,3/4/2024
422,422,422,4/19/2024
423,423,423,11/22/2024
424,424,424,9/9/2024
425,425,425,2/24/2024
426,426,426,5/19/2024
427,427,427,3/16/2024
428,428,428,5/12/2024
429,429,429,12/3/2023
430,430,430,11/3/2024
431,431,431,12/17/2023
432,432,432,11/26/2023
433,433,433,2/10/2024
434,434,434,11/5/2024
435,435,435,6/23/2024
436,436,436,4/3/2024
437,437,437,8/25/2024
438,438,438,7/31/2024
439,439,439,6/20/2024
440,440,440,11/10/2024
441,441,441,11/20/2024
442,442,442,1/31/2024
443,443,443,5/24/2024
444,444,444,4/7/2024
445,445,445,3/28/2024
446,446,446,10/6/2024
447,447,447,7/7/2024
448,448,448,4/27/2024
449,449,449,10/4/2024
450,450,450,2/7/2024
451,451,451,9/26/2024
452,452,452,5/13/2024
453,453,453,7/5/2024
454,454,454,12/28/2023
455,455,455,8/22/2024
456,456,456,3/31/2024
457,457,457,5/9/2024
458,458,458,10/15/2024
459,459,459,1/17/2024
460,460,460,8/1/2024
461,461,461,8/8/2024
462,462,462,6/5/2024
463,463,463,3/30/2024
464,464,464,8/27/2024
465,465,465,6/15/2024
466,466,466,11/9/2024
467,467,467,8/19/2024
468,468,468,11/22/2024
469,469,469,1/19/2024
470,470,470,2/20/2024
471,471,471,11/23/2024
472,472,472,1/8/2024
473,473,473,6/11/2024
474,474,474,11/4/2024
475,475,475,2/21/2024
476,476,476,1/25/2024
477,477,477,10/6/2024
478,478,478,9/16/2024
479,479,479,1/15/2024
480,480,480,11/23/2024
481,481,481,4/4/2024
482,482,482,8/23/2024
483,483,483,1/8/2024
484,484,484,8/3/2024
485,485,485,9/11/2024
486,486,486,1/22/2024
487,487,487,11/27/2023
488,488,488,2/14/2024
489,489,489,9/15/2024
490,490,490,5/10/2024
491,491,491,5/19/2024
492,492,492,11/10/2024
493,493,493,6/6/2024
494,494,494,9/6/2024
495,495,495,6/14/2024
496,496,496,1/2/2024
497,497,497,8/22/2024
498,498,498,9/14/2024
499,499,499,11/24/2024
500,500,500,10/17/2024
501,501,501,12/14/2023
502,502,502,9/16/2024
503,503,503,11/14/2024
504,504,504,6/9/2024
505,505,505,6/15/2024
506,506,506,1/19/2024
507,507,507,3/19/2024
508,508,508,9/11/2024
509,509,509,10/4/2024
510,510,510,5/31/2024
511,511,511,6/9/2024
512,512,512,1/17/2024
513,513,513,9/23/2024
514,514,514,4/12/2024
515,515,515,9/8/2024
516,516,516,7/25/2024
517,517,517,10/17/2024
518,518,518,12/1/2023
519,519,519,6/4/2024
520,520,520,10/3/2024
521,521,521,8/8/2024
522,522,522,11/4/2024
523,523,523,4/19/2024
524,524,524,2/11/2024
525,525,525,10/29/2024
526,526,526,5/10/2024
527,527,527,5/27/2024
528,528,528,11/4/2024
529,529,529,12/30/2023
530,530,530,4/2/2024
531,531,531,9/12/2024
532,532,532,1/24/2024
533,533,533,9/4/2024
534,534,534,1/20/2024
535,535,535,7/1/2024
536,536,536,7/25/2024
537,537,537,12/27/2023
538,538,538,8/14/2024
539,539,539,3/19/2024
540,540,540,6/17/2024
541,541,541,2/27/2024
542,542,542,4/2/2024
543,543,543,6/5/2024
544,544,544,10/5/2024
545,545,545,8/22/2024
546,546,546,4/14/2024
547,547,547,2/3/2024
548,548,548,10/12/2024
549,549,549,4/22/2024
550,550,550,10/22/2024
551,551,551,10/30/2024
552,552,552,6/19/2024
553,553,553,11/13/2024
554,554,554,2/1/2024
555,555,555,11/30/2023
556,556,556,12/28/2023
557,557,557,5/12/2024
558,558,558,5/21/2024
559,559,559,8/30/2024
560,560,560,4/27/2024
561,561,561,5/31/2024
562,562,562,1/25/2024
563,563,563,11/9/2024
564,564,564,6/11/2024
565,565,565,3/22/2024
566,566,566,10/17/2024
567,567,567,2/11/2024
568,568,568,8/26/2024
569,569,569,9/20/2024
570,570,570,2/28/2024
571,571,571,6/15/2024
572,572,572,12/17/2023
573,573,573,9/27/2024
574,574,574,7/13/2024
575,575,575,7/13/2024
576,576,576,5/29/2024
577,577,577,3/16/2024
578,578,578,6/28/2024
579,579,579,5/26/2024
580,580,580,11/29/2023
581,581,581,9/28/2024
582,582,582,8/13/2024
583,583,583,10/20/2024
584,584,584,10/30/2024
585,585,585,11/8/2024
586,586,586,11/6/2024
587,587,587,8/15/2024
588,588,588,1/12/2024
589,589,589,8/2/2024
590,590,590,3/17/2024
591,591,591,2/26/2024
592,592,592,8/5/2024
593,593,593,5/6/2024
594,594,594,8/1/2024
595,595,595,1/2/2024
596,596,596,12/8/2023
597,597,597,5/17/2024
598,598,598,8/6/2024
599,599,599,7/16/2024
600,600,600,3/2/2024
601,601,601,2/9/2024
602,602,602,10/10/2024
603,603,603,2/17/2024
604,604,604,1/21/2024
605,605,605,1/13/2024
606,606,606,7/9/2024
607,607,607,12/7/2023
608,608,608,7/7/2024
609,609,609,3/27/2024
610,610,610,3/15/2024
611,611,611,6/8/2024
612,612,612,12/2/2023
613,613,613,6/21/2024
614,614,614,5/25/2024
615,615,615,5/5/2024
616,616,616,9/5/2024
617,617,617,11/26/2023
618,618,618,10/28/2024
619,619,619,9/12/2024
620,620,620,2/7/2024
621,621,621,3/1/2024
622,622,622,9/28/2024
623,623,623,1/17/2024
624,624,624,10/19/2024
625,625,625,8/22/2024
626,626,626,7/4/2024
627,627,627,9/10/2024
628,628,628,4/9/2024
629,629,629,8/30/2024
630,630,630,1/22/2024
631,631,631,11/28/2023
632,632,632,6/1/2024
633,633,633,3/13/2024
634,634,634,6/26/2024
635,635,635,5/9/2024
636,636,636,9/16/2024
637,637,637,4/9/2024
638,638,638,1/28/2024
639,639,639,8/30/2024
640,640,640,9/26/2024
641,641,641,12/28/2023
642,642,642,7/7/2024
643,643,643,2/27/2024
644,644,644,9/6/2024
645,645,645,1/12/2024
646,646,646,3/9/2024
647,647,647,4/25/2024
648,648,648,2/5/2024
649,649,649,3/6/2024
650,650,650,9/13/2024
651,651,651,2/26/2024
652,652,652,10/26/2024
653,653,653,4/29/2024
654,654,654,9/18/2024
655,655,655,11/17/2024
656,656,656,4/27/2024
657,657,657,10/29/2024
658,658,658,7/3/2024
659,659,659,9/16/2024
660,660,660,9/16/2024
661,661,661,10/30/2024
662,662,662,10/30/2024
663,663,663,11/15/2024
664,664,664,6/1/2024
665,665,665,8/7/2024
666,666,666,3/13/2024
667,667,667,11/4/2024
668,668,668,10/10/2024
669,669,669,4/9/2024
670,670,670,10/3/2024
671,671,671,6/21/2024
672,672,672,1/22/2024
673,673,673,2/1/2024
674,674,674,1/6/2024
675,675,675,8/25/2024
676,676,676,8/5/2024
677,677,677,4/17/2024
678,678,678,7/21/2024
679,679,679,11/22/2024
680,680,680,1/9/2024
681,681,681,8/6/2024
682,682,682,11/24/2024
683,683,683,11/22/2024
684,684,684,12/12/2023
685,685,685,11/21/2024
686,686,686,5/28/2024
687,687,687,12/26/2023
688,688,688,9/6/2024
689,689,689,11/3/2024
690,690,690,3/28/2024
691,691,691,10/28/2024
692,692,692,8/21/2024
693,693,693,5/1/2024
694,694,694,9/5/2024
695,695,695,7/19/2024
696,696,696,2/17/2024
697,697,697,5/1/2024
698,698,698,7/15/2024
699,699,699,8/10/2024
700,700,700,3/21/2024
701,701,701,11/14/2024
702,702,702,12/3/2023
703,703,703,12/24/2023
704,704,704,6/7/2024
705,705,705,6/17/2024
706,706,706,5/20/2024
707,707,707,7/16/2024
708,708,708,12/28/2023
709,709,709,9/24/2024
710,710,710,7/29/2024
711,711,711,2/15/2024
712,712,712,8/24/2024
713,713,713,6/19/2024
714,714,714,3/19/2024
715,715,715,10/17/2024
716,716,716,1/5/2024
717,717,717,12/3/2023
718,718,718,2/26/2024
719,719,719,7/1/2024
720,720,720,5/9/2024
721,721,721,10/3/2024
722,722,722,8/21/2024
723,723,723,11/16/2024
724,724,724,9/16/2024
725,725,725,6/20/2024
726,726,726,4/30/2024
727,727,727,6/12/2024
728,728,728,10/2/2024
729,729,729,9/14/2024
730,730,730,1/11/2024
731,731,731,5/30/2024
732,732,732,9/24/2024
733,733,733,3/25/2024
734,734,734,1/29/2024
735,735,735,6/29/2024
736,736,736,8/19/2024
737,737,737,2/26/2024
738,738,738,3/30/2024
739,739,739,2/17/2024
740,740,740,12/17/2023
741,741,741,8/3/2024
742,742,742,8/5/2024
743,743,743,5/30/2024
744,744,744,6/4/2024
745,745,745,12/16/2023
746,746,746,9/12/2024
747,747,747,1/3/2024
748,748,748,6/15/2024
749,749,749,7/25/2024
750,750,750,4/2/2024
751,751,751,5/25/2024
752,752,752,4/30/2024
753,753,753,12/20/2023
754,754,754,3/30/2024
755,755,755,12/24/2023
756,756,756,3/12/2024
757,757,757,11/4/2024
758,758,758,1/23/2024
759,759,759,2/10/2024
760,760,760,1/20/2024
761,761,761,10/4/2024
762,762,762,12/7/2023
763,763,763,6/17/2024
764,764,764,8/22/2024
765,765,765,3/14/2024
766,766,766,3/15/2024
767,767,767,10/7/2024
768,768,768,8/29/2024
769,769,769,1/26/2024
770,770,770,3/23/2024
771,771,771,7/8/2024
772,772,772,6/17/2024
773,773,773,10/16/2024
774,774,774,12/13/2023
775,775,775,12/5/2023
776,776,776,12/26/2023
777,777,777,8/7/2024
778,778,778,12/29/2023
779,779,779,4/23/2024
780,780,780,8/1/2024
781,781,781,3/21/2024
782,782,782,8/30/2024
783,783,783,3/20/2024
784,784,784,5/15/2024
785,785,785,3/1/2024
786,786,786,9/3/2024
787,787,787,6/10/2024
788,788,788,8/4/2024
789,789,789,7/7/2024
790,790,790,5/11/2024
791,791,791,5/31/2024
792,792,792,8/26/2024
793,793,793,3/15/2024
794,794,794,10/8/2024
795,795,795,6/7/2024
796,796,796,3/14/2024
797,797,797,6/27/2024
798,798,798,9/24/2024
799,799,799,4/11/2024
800,800,800,2/15/2024
801,801,801,5/27/2024
802,802,802,12/5/2023
803,803,803,6/19/2024
804,804,804,4/5/2024
805,805,805,4/29/2024
806,806,806,10/16/2024
807,807,807,2/27/2024
808,808,808,1/28/2024
809,809,809,12/30/2023
810,810,810,10/9/2024
811,811,811,9/25/2024
812,812,812,8/20/2024
813,813,813,4/26/2024
814,814,814,10/9/2024
815,815,815,12/15/2023
816,816,816,2/12/2024
817,817,817,11/2/2024
818,818,818,3/20/2024
819,819,819,1/30/2024
820,820,820,5/3/2024
821,821,821,8/18/2024
822,822,822,11/3/2024
823,823,823,10/4/2024
824,824,824,10/2/2024
825,825,825,10/27/2024
826,826,826,5/19/2024
827,827,827,4/28/2024
828,828,828,8/15/2024
829,829,829,11/2/2024
830,830,830,5/8/2024
831,831,831,7/14/2024
832,832,832,10/12/2024
833,833,833,9/8/2024
834,834,834,3/31/2024
835,835,835,11/5/2024
836,836,836,5/11/2024
837,837,837,2/17/2024
838,838,838,8/12/2024
839,839,839,10/7/2024
840,840,840,3/14/2024
841,841,841,7/27/2024
842,842,842,6/7/2024
843,843,843,4/10/2024
844,844,844,4/12/2024
845,845,845,7/25/2024
846,846,846,7/4/2024
847,847,847,9/21/2024
848,848,848,1/8/2024
849,849,849,4/29/2024
850,850,850,4/6/2024
851,851,851,11/20/2024
852,852,852,11/29/2023
853,853,853,3/30/2024
854,854,854,4/12/2024
855,855,855,1/12/2024
856,856,856,3/11/2024
857,857,857,3/11/2024
858,858,858,1/22/2024
859,859,859,5/8/2024
860,860,860,4/6/2024
861,861,861,12/30/2023
862,862,862,5/17/2024
863,863,863,7/7/2024
864,864,864,9/29/2024
865,865,865,3/21/2024
866,866,866,4/15/2024
867,867,867,6/5/2024
868,868,868,9/18/2024
869,869,869,10/14/2024
870,870,870,8/26/2024
871,871,871,1/21/2024
872,872,872,6/16/2024
873,873,873,2/27/2024
874,874,874,6/20/2024
875,875,875,2/13/2024
876,876,876,9/30/2024
877,877,877,12/4/2023
878,878,878,1/7/2024
879,879,879,9/3/2024
880,880,880,1/26/2024
881,881,881,6/22/2024
882,882,882,12/25/2023
883,883,883,8/22/2024
884,884,884,5/18/2024
885,885,885,10/13/2024
886,886,886,2/23/2024
887,887,887,12/13/2023
888,888,888,4/28/2024
889,889,889,3/23/2024
890,890,890,8/3/2024
891,891,891,5/2/2024
892,892,892,1/3/2024
893,893,893,9/16/2024
894,894,894,4/3/2024
895,895,895,4/15/2024
896,896,896,11/4/2024
897,897,897,7/22/2024
898,898,898,11/8/2024
899,899,899,4/6/2024
900,900,900,2/2/2024
901,901,901,10/29/2024
902,902,902,8/11/2024
903,903,903,5/18/2024
904,904,904,12/16/2023
905,905,905,6/2/2024
906,906,906,3/8/2024
907,907,907,5/24/2024
908,908,908,1/23/2024
909,909,909,6/9/2024
910,910,910,5/29/2024
911,911,911,12/28/2023
912,912,912,4/2/2024
913,913,913,8/20/2024
914,914,914,2/25/2024
915,915,915,4/6/2024
916,916,916,11/19/2024
917,917,917,10/2/2024
918,918,918,3/11/2024
919,919,919,9/8/2024
920,920,920,9/26/2024
921,921,921,9/13/2024
922,922,922,7/15/2024
923,923,923,12/26/2023
924,924,924,2/1/2024
925,925,925,8/1/2024
926,926,926,8/12/2024
927,927,927,7/30/2024
928,928,928,1/1/2024
929,929,929,2/8/2024
930,930,930,9/24/2024
931,931,931,8/29/2024
932,932,932,11/30/2023
933,933,933,8/29/2024
934,934,934,7/22/2024
935,935,935,9/29/2024
936,936,936,3/10/2024
937,937,937,3/20/2024
938,938,938,10/16/2024
939,939,939,2/19/2024
940,940,940,9/22/2024
941,941,941,3/27/2024
942,942,942,8/16/2024
943,943,943,8/1/2024
944,944,944,8/29/2024
945,945,945,1/31/2024
946,946,946,8/12/2024
947,947,947,4/26/2024
948,948,948,4/12/2024
949,949,949,6/10/2024
950,950,950,5/13/2024
951,951,951,2/9/2024
952,952,952,11/29/2023
953,953,953,6/13/2024
954,954,954,4/25/2024
955,955,955,3/21/2024
956,956,956,1/7/2024
957,957,957,8/16/2024
958,958,958,5/14/2024
959,959,959,6/13/2024
960,960,960,7/2/2024
961,961,961,3/9/2024
962,962,962,3/21/2024
963,963,963,1/12/2024
964,964,964,2/7/2024
965,965,965,3/26/2024
966,966,966,5/26/2024
967,967,967,8/4/2024
968,968,968,5/24/2024
969,969,969,3/17/2024
970,970,970,6/18/2024
971,971,971,11/22/2024
972,972,972,7/13/2024
973,973,973,5/21/2024
974,974,974,12/11/2023
975,975,975,1/27/2024
976,976,976,5/21/2024
977,977,977,6/6/2024
978,978,978,8/5/2024
979,979,979,11/23/2024
980,980,980,1/13/2024
981,981,981,1/5/2024
982,982,982,1/10/2024
983,983,983,4/15/2024
984,984,984,7/19/2024
985,985,985,1/4/2024
986,986,986,8/1/2024
987,987,987,10/20/2024
988,988,988,8/17/2024
989,989,989,6/24/2024
990,990,990,7/31/2024
991,991,991,4/8/2024
992,992,992,7/2/2024
993,993,993,4/26/2024
994,994,994,9/27/2024
995,995,995,10/15/2024
996,996,996,12/20/2023
997,997,997,9/9/2024
998,998,998,8/22/2024
999,999,999,3/3/2024
1000,1000,1000,11/1/2024
