CREATE TABLE IF NOT EXISTS `account` (
	`id` integer primary key NOT NULL UNIQUE,
	`login` TEXT NOT NULL UNIQUE,
	`passwordSha256` TEXT NOT NULL,
	`type` INTEGER NOT NULL
);
CREATE TABLE IF NOT EXISTS `candidate` (
	`id` integer primary key NOT NULL UNIQUE,
	`id_account` INTEGER NOT NULL,
	`firstname` TEXT NOT NULL,
	`lastname` TEXT NOT NULL,
	`phonenumber` TEXT NOT NULL,
	`presentation` TEXT NOT NULL,
	`email` TEXT NOT NULL,
FOREIGN KEY(`id_account`) REFERENCES `account`(`id`)
);
CREATE TABLE IF NOT EXISTS `company` (
	`id` integer primary key NOT NULL UNIQUE,
	`name` TEXT NOT NULL,
	`description` TEXT NOT NULL
);
CREATE TABLE IF NOT EXISTS `recruiter` (
	`id` integer primary key NOT NULL UNIQUE,
	`id_account` INTEGER NOT NULL,
	`id_company` INTEGER,
FOREIGN KEY(`id_account`) REFERENCES `account`(`id`),
FOREIGN KEY(`id_company`) REFERENCES `company`(`id`)
);
CREATE TABLE IF NOT EXISTS `job_offer` (
	`id` integer primary key NOT NULL UNIQUE,
	`title` TEXT NOT NULL,
	`description` TEXT NOT NULL,
	`city` varchar(256) NOT NULL,
	`id_company` INTEGER NOT NULL,
FOREIGN KEY(`id_company`) REFERENCES `company`(`id`)
);
CREATE TABLE IF NOT EXISTS `candidate_job_offer_applications` (
	`id_candidate` INTEGER NOT NULL,
	`id_job_offer` INTEGER NOT NULL,
	PRIMARY KEY(id_candidate, id_job_offer),
FOREIGN KEY(`id_candidate`) REFERENCES `candidate`(`id`),
FOREIGN KEY(`id_job_offer`) REFERENCES `job_offer`(`id`)
);


INSERT INTO `account` (`id`, `login`, `passwordSha256`, `type`) VALUES (0, 'pmorissette', '6843555d1aba5933f8f0a80272c2e64b5b8f0e2834b787f2c70cf3e0b5284ebb', 1);
INSERT INTO `account` (`id`, `login`, `passwordSha256`, `type`) VALUES (1, 'adrain.larson', '7c9714f86d1860099ea0a51bb6fc81f4ac1d208f51db6b59db974b6520a6254d', 1);
INSERT INTO `account` (`id`, `login`, `passwordSha256`, `type`) VALUES (2, 'colten22', 'f832674c12045bd662680208bb8a615938cb1b621cdc4a1846230b6c80437d33', 0);
INSERT INTO `account` (`id`, `login`, `passwordSha256`, `type`) VALUES (6, 'cristobal.doyle', '54ae5d7cd0ab2f10b22f3e44c3850479e2e92aef4fdd29b7746533847463de05', 1);
INSERT INTO `account` (`id`, `login`, `passwordSha256`, `type`) VALUES (7, 'lolita.mcdermott', 'c37b221b2666cfd65f74541477a2bdee8d158bc7c4289992781f1b1f9298cdb1', 0);
INSERT INTO `account` (`id`, `login`, `passwordSha256`, `type`) VALUES (8, 'kiel31', '7bb05d9a7b69fb163077f9a40ebb6c51eb85941c734b5809e7110581cc9807d9', 1);
INSERT INTO `account` (`id`, `login`, `passwordSha256`, `type`) VALUES (9, 'xwuckert', 'd6785108943e2f5a607714976b088735732b9bb65792035bd416e317ba90a1d9', 1);
INSERT INTO `account` (`id`, `login`, `passwordSha256`, `type`) VALUES (14, 'john.towne', '58b657bd62a1be21b9781d38dd2a86315149516b6753888a37386ab5c229b663', 1);
INSERT INTO `account` (`id`, `login`, `passwordSha256`, `type`) VALUES (16, 'umcglynn', '1a65dfa8f6dc2b8c208aa948ca5c76038ca3be426cd10e130c54c461bdad0738', 0);
INSERT INTO `account` (`id`, `login`, `passwordSha256`, `type`) VALUES (21, 'buford.erdman', '56501e5faee48e0da509a66ccec135cf3612eafd3122d075744d8b90f1a38a78', 0);
INSERT INTO `account` (`id`, `login`, `passwordSha256`, `type`) VALUES (22, 'erice', '59939c5cd3facbfa43632c6519723c467e3388f09ca078072075b4df6aaac1c2', 1);
INSERT INTO `account` (`id`, `login`, `passwordSha256`, `type`) VALUES (24, 'meaghan.jaskolski', 'fc831ad43de4a22bdd740e992e841060f0161e96c07f89f1990c67fd18f5c94b', 0);
INSERT INTO `account` (`id`, `login`, `passwordSha256`, `type`) VALUES (35, 'pkautzer', '3d2a93526a581b6900d1447be8cf6c380c24655c10213b583022a23d86d77cd8', 0);
INSERT INTO `account` (`id`, `login`, `passwordSha256`, `type`) VALUES (44, 'gwhite', 'e2859320066d81fd9a0abe55a64b2ca5bc0350614343106ce50033b6fea2ead3', 1);
INSERT INTO `account` (`id`, `login`, `passwordSha256`, `type`) VALUES (52, 'padberg.liliana', '0fdf861b2154256414dfcf21f1246dab203688bafd6adc80c39deb32c7fb88d2', 0);
INSERT INTO `account` (`id`, `login`, `passwordSha256`, `type`) VALUES (54, 'verona.deckow', '9ad8d4d7a1e48d0db21c5cb87babc6758d202263b1a8022e50741ed00c8abdeb', 0);
INSERT INTO `account` (`id`, `login`, `passwordSha256`, `type`) VALUES (55, 'luettgen.reina', 'b822276df33818ae70770e92170b92952b316d28da03eaab2bfc432f2e303551', 1);
INSERT INTO `account` (`id`, `login`, `passwordSha256`, `type`) VALUES (60, 'cora.greenfelder', '733b44ad2363861f4a4db1050286c34ed01fc098b7db621cf2661146f743341b', 1);
INSERT INTO `account` (`id`, `login`, `passwordSha256`, `type`) VALUES (62, 'veum.delia', '944d1e968e8f8f9173fa93e55bb487031c82b2748b0f28290db80c9167d98b83', 1);
INSERT INTO `account` (`id`, `login`, `passwordSha256`, `type`) VALUES (66, 'amie.ortiz', '668ef194e477bf2c3ae84cb2cc734f18a18784be25ff68a72d3811d7e6494819', 1);
INSERT INTO `account` (`id`, `login`, `passwordSha256`, `type`) VALUES (77, 'stanley.hoppe', 'edfed09f9e874ca4b945441bf8b569515a6c1ed53e53e9deee0f13e2d3f39816', 1);
INSERT INTO `account` (`id`, `login`, `passwordSha256`, `type`) VALUES (97, 'kroob', 'a8a44fa4f2024a43259a2a180a8ec8df031c56293ae068ab4e652640ed843cc6', 0);
INSERT INTO `account` (`id`, `login`, `passwordSha256`, `type`) VALUES (134, 'consuelo.parker', '77bc2185fe10c4f50f9b78affc4e84395153aeb1f638f2cc2ed1d835c3512a38', 0);
INSERT INTO `account` (`id`, `login`, `passwordSha256`, `type`) VALUES (215, 'crunolfsson', '5257581e9a2343d28183950153fffc988b2a1d243471d5e4d57d7662f3a807ce', 0);
INSERT INTO `account` (`id`, `login`, `passwordSha256`, `type`) VALUES (239, 'ellie18', 'cddfc507c9b5fd0fd677eab57e57a844f31fb5efdfee1bbd933422e824b8dc21', 0);
INSERT INTO `account` (`id`, `login`, `passwordSha256`, `type`) VALUES (308, 'zakary45', 'd8bb2d389a1445d88ad6b3ffc01751144c5c88227ac0ee16dcb2fdfcebeef6ee', 0);
INSERT INTO `account` (`id`, `login`, `passwordSha256`, `type`) VALUES (381, 'elmer38', '4fe7a68c24a1b4d1d73b3f3c97dec29e4c0f70f0c0b3a87176b2b645440f9bad', 0);
INSERT INTO `account` (`id`, `login`, `passwordSha256`, `type`) VALUES (512, 'louvenia.kunze', '60eac9e1c59b1c680c75fc67c9c43d499b526d1f30cb5df02d03a042acb81786', 1);
INSERT INTO `account` (`id`, `login`, `passwordSha256`, `type`) VALUES (756, 'emclaughlin', 'cdb1400ef1a75d67f0c4799293ce31c62f663ce0c80367e389e5ff0e30cf9804', 0);
INSERT INTO `account` (`id`, `login`, `passwordSha256`, `type`) VALUES (840, 'bernhard.wilderman', '516f5c005da7365fa625d9bcc6561e2e05fccbd58bea05a53681fc96c96fa61e', 1);
INSERT INTO `account` (`id`, `login`, `passwordSha256`, `type`) VALUES (868, 'mariano49', 'b3b5553086ba2018a93b8f1688f5bcc31f4b544b35f44f2c83147f74c43da805', 0);
INSERT INTO `account` (`id`, `login`, `passwordSha256`, `type`) VALUES (921, 'everett96', '0f89aa8163c93a77183ebc8666bbb490fffe6d63c8b488739f08d9931243a245', 1);
INSERT INTO `account` (`id`, `login`, `passwordSha256`, `type`) VALUES (957, 'jonathan45', '3cd1d073294094ed33c756f02b59e06cd8f8c3252084cc42b4423a4355c1b31f', 1);
INSERT INTO `account` (`id`, `login`, `passwordSha256`, `type`) VALUES (2278, 'kovacek.raquel', 'f06183bb8ac285422632e583a33281255c86d1c4218bfcf0b20bd430e6733cc7', 0);
INSERT INTO `account` (`id`, `login`, `passwordSha256`, `type`) VALUES (2523, 'zoila47', '8cb86b4275c73efc7f233594417ccc61577340399d2cd27e2081a8b51b0ccde9', 0);
INSERT INTO `account` (`id`, `login`, `passwordSha256`, `type`) VALUES (2732, 'eichmann.ebony', 'bd124f21fadc5581b2098495ab66ffdb2612d4abaf5266906f0034a9fd936850', 1);
INSERT INTO `account` (`id`, `login`, `passwordSha256`, `type`) VALUES (3203, 'lilly.reilly', '9b757a2ec3d73e66c9dbf0fcd6d601048215da8621655116f0963a215cf9cc0b', 0);
INSERT INTO `account` (`id`, `login`, `passwordSha256`, `type`) VALUES (4368, 'gislason.martina', 'ac408edf4e9a481db09fe037c5bad34c2ab47aa1cc6576af2855997a2961a666', 1);
INSERT INTO `account` (`id`, `login`, `passwordSha256`, `type`) VALUES (5034, 'uflatley', '22133e9c267955c2093b80d34f442677b4ff6b9c4f59349f40a273739f93afc0', 1);
INSERT INTO `account` (`id`, `login`, `passwordSha256`, `type`) VALUES (6238, 'daphney.lynch', 'a9b7dd733c0ae66066c45bf54cf43d705da16f85fae5832131cb19f2ab089340', 0);
INSERT INTO `account` (`id`, `login`, `passwordSha256`, `type`) VALUES (6455, 'dietrich.kailee', '7e0ac5c4ff1365bea13809e7f8245f2d92d373dfbce519d8bef57b73e3946978', 1);
INSERT INTO `account` (`id`, `login`, `passwordSha256`, `type`) VALUES (7102, 'oparker', '75b9803674a940cbce06f1a4d73980156840c64967a9181ee7a37951017eab08', 1);
INSERT INTO `account` (`id`, `login`, `passwordSha256`, `type`) VALUES (7896, 'jordan.jacobi', 'd97f86075ed0bda8f4417854517a9c7a088b0525faacb1fc3c22f02a3fbce84b', 0);
INSERT INTO `account` (`id`, `login`, `passwordSha256`, `type`) VALUES (7907, 'littel.nettie', '86e55e4edb85e9456c6171b3367367b6c0dcfeee1d10a3d36eaebf8f3bb5c308', 1);
INSERT INTO `account` (`id`, `login`, `passwordSha256`, `type`) VALUES (8717, 'hegmann.sadie', '149a7c319bcb318ea8d774b30d1fe2d0bf63dd17e53463c2f56abf1043708538', 0);
INSERT INTO `account` (`id`, `login`, `passwordSha256`, `type`) VALUES (9248, 'shanelle.beier', 'b3e018d9fa6b0a21293776a95e1f7df0796113fe300a27147fbc5d47206bb8f3', 1);
INSERT INTO `account` (`id`, `login`, `passwordSha256`, `type`) VALUES (9283, 'bo''hara', '055a975b77db8cdbcfd09e2d3efb241f2a311b1d1bd6429917afed0d98799a5d', 1);
INSERT INTO `account` (`id`, `login`, `passwordSha256`, `type`) VALUES (9994, 'mmckenzie', '4ec14038e5cee73283cabdfc5c815012c1fe42c14491e487e3ccf62cb812829a', 1);
INSERT INTO `account` (`id`, `login`, `passwordSha256`, `type`) VALUES (15414, 'schmidt.alyce', '8e979da8b74b8ce747a6c931a869aae9467dea04233bc8e86e4fe73118686910', 1);
INSERT INTO `account` (`id`, `login`, `passwordSha256`, `type`) VALUES (17993, 'vpouros', 'f50a063aca73efb5001cc0b8963c5e7cec5019397a2f10d4f6a76b458e7f3cb3', 0);
INSERT INTO `account` (`id`, `login`, `passwordSha256`, `type`) VALUES (24310, 'senger.sunny', '14fc31c34edf0153a65f99df1cdeb6b4f93dc4cffc17893d70c07b9c1339ca6c', 0);
INSERT INTO `account` (`id`, `login`, `passwordSha256`, `type`) VALUES (25676, 'ullrich.pierce', 'e401b7f4a3ba0d69006956745fe29d7fe1de321e3fbfcacce0cd1f189c0043a5', 0);
INSERT INTO `account` (`id`, `login`, `passwordSha256`, `type`) VALUES (33818, 'kkoelpin', '6263884529f2f0106421838bc8d0738f34ff1b0abe3578d0f11f54f6c1ae1711', 1);
INSERT INTO `account` (`id`, `login`, `passwordSha256`, `type`) VALUES (39975, 'nrice', '224fe4bfdeb4a25b91693eee41008e463e956c67adbe2018052a124e1e4fba1c', 0);
INSERT INTO `account` (`id`, `login`, `passwordSha256`, `type`) VALUES (49304, 'cdicki', '431b08aecf5fc222b968c479f18bd5120a484b74b01c42fe339307fe5f7deb26', 0);
INSERT INTO `account` (`id`, `login`, `passwordSha256`, `type`) VALUES (62872, 'ubuckridge', '4e6cd352078523893939ffa134cff09f8487cdaf1ff4db1d67f1dbefd1b66b07', 0);
INSERT INTO `account` (`id`, `login`, `passwordSha256`, `type`) VALUES (72617, 'boyle.gertrude', '9fb87798b4584c92b2e1e4eb038a85cf55213c7514cca0a7b39069e78a2d5eb2', 0);
INSERT INTO `account` (`id`, `login`, `passwordSha256`, `type`) VALUES (74738, 'lorine.bayer', '18901c99353d563047636c6d6374ea447a9277b5fd0bbf9a0e0a6cf3a2c3f106', 1);
INSERT INTO `account` (`id`, `login`, `passwordSha256`, `type`) VALUES (93795, 'rogers07', '3209c695e5e46344edb7ff57034008ceec47cdae38b329e016eda2232615252f', 0);
INSERT INTO `account` (`id`, `login`, `passwordSha256`, `type`) VALUES (98570, 'kiarra73', 'db42721c214102054c49aef19df468f632e6b1718fe7629d95b4efc58f73cb84', 1);
INSERT INTO `account` (`id`, `login`, `passwordSha256`, `type`) VALUES (121382, 'glover.asia', 'e7085af9ba6ff17b68102de3c07b6e8b357d0b4101bcd9116d46e4603c5541f7', 0);
INSERT INTO `account` (`id`, `login`, `passwordSha256`, `type`) VALUES (145260, 'layne.considine', '3f10b87f88ad067c847fe2a8d8faa7022b3fed53643ee2d2f5400af1cdb9ae8a', 0);
INSERT INTO `account` (`id`, `login`, `passwordSha256`, `type`) VALUES (265440, 'pbartell', 'b6430f8c99e5751a52765803f44c011b8cfe6fe69812b29775614b1d705c9c06', 0);
INSERT INTO `account` (`id`, `login`, `passwordSha256`, `type`) VALUES (286557, 'quigley.kory', 'cb4a4e19cd62badff437d09e970a46ac27fa2f15d9fac34ee714f75685a5839d', 0);
INSERT INTO `account` (`id`, `login`, `passwordSha256`, `type`) VALUES (349054, 'alindgren', '16ea10ca0d087c08da8e66cda5821e584bbc33e3a1f9b4fb87003391558511cd', 1);
INSERT INTO `account` (`id`, `login`, `passwordSha256`, `type`) VALUES (349450, 'glenna78', '4e9fdbb44554ae48de0e4b8601edd5b255bb571f0715296a9abf8f73f56c415d', 0);
INSERT INTO `account` (`id`, `login`, `passwordSha256`, `type`) VALUES (386460, 'qorn', 'b4ec7b376ec257c62b7d3ad1e6a5c1fe0fa8691543089475610c15deb8ebbd15', 0);
INSERT INTO `account` (`id`, `login`, `passwordSha256`, `type`) VALUES (450119, 'ccummings', 'c011512fa458c46f77b6c758de9e1b08a3f76a2f6a3f8482140384dc4eb26c9f', 0);
INSERT INTO `account` (`id`, `login`, `passwordSha256`, `type`) VALUES (632746, 'emery91', '7ff42006a93c4ef6d1e57adc50d15795524922aba6fd33a49bb5e00932f52c09', 1);
INSERT INTO `account` (`id`, `login`, `passwordSha256`, `type`) VALUES (638636, 'olson.cheyanne', '25d39b9424debd6b77d10862406a44a74d8cdaa5ed5e6e0525004f7d94112a07', 0);
INSERT INTO `account` (`id`, `login`, `passwordSha256`, `type`) VALUES (662157, 'karina.klocko', '663a55777dd9dfa287431e307cdafeb174d71780ef87b909fc4432003f63e877', 1);
INSERT INTO `account` (`id`, `login`, `passwordSha256`, `type`) VALUES (732385, 'hickle.monica', 'a312ba8c07689d6a673c36c59903e0d7a593eb3736e4b1d8c46ad921c58aaf5c', 0);
INSERT INTO `account` (`id`, `login`, `passwordSha256`, `type`) VALUES (937474, 'dhartmann', '75ae8323aec7c2eaef09041f269301dfbb85fcd300b17e64b04ae169b6b6c62a', 1);
INSERT INTO `account` (`id`, `login`, `passwordSha256`, `type`) VALUES (1979051, 'lucious90', 'cd9ce39993bef6fc28edc07db16dd39a563c3676bda2360a0659e312fa60f329', 0);
INSERT INTO `account` (`id`, `login`, `passwordSha256`, `type`) VALUES (2159934, 'erick36', '9294d368d010de0b339d510ae0b353c6de3f806605c8285643f35acf39e4f4f7', 0);
INSERT INTO `account` (`id`, `login`, `passwordSha256`, `type`) VALUES (5625476, 'omarquardt', 'e3fd5e8263dd7784f704f299ad89919812371291ee83e04d7ca2a747d46dd3c0', 1);
INSERT INTO `account` (`id`, `login`, `passwordSha256`, `type`) VALUES (6340917, 'will.ronny', 'b7d8430f4f1ee6003a895c7d77f6069eb5e6373f7500e0c3eb49f602ab48e6e8', 1);
INSERT INTO `account` (`id`, `login`, `passwordSha256`, `type`) VALUES (7391762, 'mkovacek', '06a1bc56232e01868d9f76a2bb1d1a43757eb3859223ec1f9d40414cfd9855f1', 1);
INSERT INTO `account` (`id`, `login`, `passwordSha256`, `type`) VALUES (7632152, 'kelly.douglas', 'b6cbf3cf117ec594878635351e1035543bc412bbe873ad35add3fb4f9c9c68ab', 1);
INSERT INTO `account` (`id`, `login`, `passwordSha256`, `type`) VALUES (8804788, 'trystan.braun', 'decac89b5b1002faaeebec6093b6f63114db598dfde7cc6c0542c5315afd32db', 1);
INSERT INTO `account` (`id`, `login`, `passwordSha256`, `type`) VALUES (9978250, 'gbaumbach', 'fd487591b9aac7a1dcca020dcd28e56e0fbba4cc9d8b1f78f154aef6c9750bf3', 0);
INSERT INTO `account` (`id`, `login`, `passwordSha256`, `type`) VALUES (19266253, 'forrest.dickinson', '03aeea4c88339a158edb43bcead1ff9d53a4a94a18d1e23236aff38b24c77162', 0);
INSERT INTO `account` (`id`, `login`, `passwordSha256`, `type`) VALUES (48146928, 'abbott.jalyn', 'f6661c0518ae08e8a3658425004612955fad744578331d1a24dc706bd9e0674d', 0);
INSERT INTO `account` (`id`, `login`, `passwordSha256`, `type`) VALUES (52473644, 'laurence73', '35d660957bc99c69b150af1fe135e5cb6ff042ad5f8c6455612ace629f59115d', 1);
INSERT INTO `account` (`id`, `login`, `passwordSha256`, `type`) VALUES (53296837, 'kbecker', '4b0b973717070a91d10c4f905a4b36063a453c091924e62f90f10755e5d05db9', 1);
INSERT INTO `account` (`id`, `login`, `passwordSha256`, `type`) VALUES (54091668, 'cronin.lorenz', '635885f1d2b07c1f0fb3afbef6e89cc342147849c1a4abb85b43bf5bbfdf805b', 1);
INSERT INTO `account` (`id`, `login`, `passwordSha256`, `type`) VALUES (67331443, 'gloria.waters', '059e5cd76a519782202390efd065fd129c0f130a57e59de2079f31fb35ba8d12', 0);
INSERT INTO `account` (`id`, `login`, `passwordSha256`, `type`) VALUES (77248115, 'amiya.kris', 'a7ca5c7207dfd9d674da3c3589b986faf8f9652d81fff499fe05e6dde6f81ea8', 0);
INSERT INTO `account` (`id`, `login`, `passwordSha256`, `type`) VALUES (84508113, 'eschuster', 'c1f10516c2a212569d58ea0a14547b5e216fdbd4bbe970c9a9f87e1036febb44', 0);
INSERT INTO `account` (`id`, `login`, `passwordSha256`, `type`) VALUES (92336279, 'welch.chris', '1a0247e8360148337f52a1db579b50657bd0554d7c285f3a04854c3a5c62786c', 0);
INSERT INTO `account` (`id`, `login`, `passwordSha256`, `type`) VALUES (92898321, 'wilson52', 'd87bcf3e57da9f6944e0601d3d99bb63f8b00f1775dc6e7ca155680ec0fa5c1a', 0);
INSERT INTO `account` (`id`, `login`, `passwordSha256`, `type`) VALUES (100767552, 'bruen.cary', '1c26d227d6666bb41c9c04c5157a350d7fa47dbf49de87265287c615585cdb57', 1);
INSERT INTO `account` (`id`, `login`, `passwordSha256`, `type`) VALUES (107936267, 'schaefer.adela', '0cf9d4dab00fb6cd22c3bb65433bd4f45ba25c75e2ce924884ddeeeca9ae4eb4', 0);
INSERT INTO `account` (`id`, `login`, `passwordSha256`, `type`) VALUES (245308137, 'helene.roberts', '2f5be57b41fb080161d649b80a0abc7b3f15a5406a7cc07cba9d29063cf9771d', 0);
INSERT INTO `account` (`id`, `login`, `passwordSha256`, `type`) VALUES (338499898, 'lexi52', '6de17e374c7c813b9044525eee86c661f2bbdbed6eb16f3cb3168cc68079a301', 1);
INSERT INTO `account` (`id`, `login`, `passwordSha256`, `type`) VALUES (491049234, 'wbraun', 'ba3b362580422a3445ab832dc7d9ef555315cb73cea78ec20d27ad386c0657ff', 0);
INSERT INTO `account` (`id`, `login`, `passwordSha256`, `type`) VALUES (685944856, 'tillman.rodolfo', '023bffb186e14202c5fd5f651cb737294820697d0e9ca878bd324d436d29d955', 0);
INSERT INTO `account` (`id`, `login`, `passwordSha256`, `type`) VALUES (703747751, 'vernice.willms', 'f326b1b10e8d7e39fa2dcc6aa5026e49fa1e18bff26f279f496c35f75f770c99', 0);
INSERT INTO `account` (`id`, `login`, `passwordSha256`, `type`) VALUES (727608785, 'grady.maureen', '829c367cb78ab54d71e38ab637627c161a219db081b03cf7e488f5c4976090f6', 1);
INSERT INTO `account` (`id`, `login`, `passwordSha256`, `type`) VALUES (865029500, 'concepcion41', '022ffd71317845585a520e4590fe922fdfae4781ed7d39376d3dbcf28a43386a', 0);
INSERT INTO `candidate` (`id`, `id_account`, `firstname`, `lastname`, `phonenumber`, `presentation`, `email`) VALUES (0, 9, 'Bernadette', 'Georges', '0753461429', 'I almost wish I hadn''t drunk quite so much!'' said Alice, very earnestly. ''I''ve had nothing yet,'' Alice replied in a fight with another hedgehog, which seemed to Alice with one of the others looked.', 'margaret14@example.net');
INSERT INTO `candidate` (`id`, `id_account`, `firstname`, `lastname`, `phonenumber`, `presentation`, `email`) VALUES (1, 7907, 'Éric', 'Legrand', '+33 1 80 84 04 21', 'Gryphon. ''Do you mean by that?'' said the Footman. ''That''s the judge,'' she said this, she came suddenly upon an open place, with a trumpet in one hand, and Alice looked up, but it puzzled her too.', 'allard.benjamin@example.org');
INSERT INTO `candidate` (`id`, `id_account`, `firstname`, `lastname`, `phonenumber`, `presentation`, `email`) VALUES (2, 134, 'Dominique', 'Barthelemy', '0568504133', 'At this the whole window!'' ''Sure, it does, yer honour: but it''s an arm, yer honour!'' ''Digging for apples, yer honour!'' ''Digging for apples, indeed!'' said the Mock Turtle said: ''advance twice, set to.', 'françois.moreau@example.com');
INSERT INTO `candidate` (`id`, `id_account`, `firstname`, `lastname`, `phonenumber`, `presentation`, `email`) VALUES (4, 957, 'Joséphine', 'Roussel', '+33 (0)6 52 06 88 77', 'Him, and ourselves, and it. Don''t let him know she liked them best, For this must be a LITTLE larger, sir, if you wouldn''t squeeze so.'' said the Queen, stamping on the floor: in another moment, when.', 'isabelle.pereira@example.org');
INSERT INTO `candidate` (`id`, `id_account`, `firstname`, `lastname`, `phonenumber`, `presentation`, `email`) VALUES (7, 22, 'Christine', 'Charpentier', '0933242104', 'Hatter, ''you wouldn''t talk about her other little children, and make one repeat lessons!'' thought Alice; ''I daresay it''s a French mouse, come over with diamonds, and walked two and two, as the jury.', 'griou@example.net');
INSERT INTO `candidate` (`id`, `id_account`, `firstname`, `lastname`, `phonenumber`, `presentation`, `email`) VALUES (8, 52, 'Richard', 'Colin', '0417656300', 'The only things in the other. ''I beg your pardon!'' cried Alice hastily, afraid that she had drunk half the bottle, saying to her usual height. It was the first sentence in her pocket, and was.', 'fpelletier@example.org');
INSERT INTO `candidate` (`id`, `id_account`, `firstname`, `lastname`, `phonenumber`, `presentation`, `email`) VALUES (10, 16, 'Guillaume', 'Giraud', '+33 (0)7 20 76 11 44', 'Who ever saw in another moment down went Alice like the Mock Turtle replied in an offended tone, ''Hm! No accounting for tastes! Sing her \"Turtle Soup,\" will you, old fellow?'' The Mock Turtle''s Story.', 'dufour.julie@example.net');
INSERT INTO `candidate` (`id`, `id_account`, `firstname`, `lastname`, `phonenumber`, `presentation`, `email`) VALUES (40, 9248, 'Pauline', 'Teixeira', '0665052644', 'When the procession moved on, three of her own children. ''How should I know?'' said Alice, ''how am I to do?'' said Alice. ''That''s the first day,'' said the Rabbit hastily interrupted. ''There''s a great.', 'emartin@example.net');
INSERT INTO `candidate` (`id`, `id_account`, `firstname`, `lastname`, `phonenumber`, `presentation`, `email`) VALUES (69, 62, 'Alexandre', 'Colas', '+33 (0)3 07 10 12 55', 'Footman continued in the distance, sitting sad and lonely on a three-legged stool in the distance, and she had never heard of \"Uglification,\"'' Alice ventured to remark. ''Tut, tut, child!'' said the.', 'adrien.pichon@example.net');
INSERT INTO `candidate` (`id`, `id_account`, `firstname`, `lastname`, `phonenumber`, `presentation`, `email`) VALUES (71, 5034, 'Élise', 'Thibault', '+33 (0)9 44 28 32 37', 'WAS a curious dream, dear, certainly: but now run in to your places!'' shouted the Queen of Hearts were seated on their slates, when the tide rises and sharks are around, His voice has a timid and.', 'isaac21@example.com');
INSERT INTO `candidate` (`id`, `id_account`, `firstname`, `lastname`, `phonenumber`, `presentation`, `email`) VALUES (88, 66, 'Nath', 'Guillot', '0276077416', 'Alice, rather doubtfully, as she went on in these words: ''Yes, we went to work nibbling at the bottom of a muchness\"--did you ever saw. How she longed to get in?'' asked Alice again, for she could.', 'lebon.eugène@example.com');
INSERT INTO `candidate` (`id`, `id_account`, `firstname`, `lastname`, `phonenumber`, `presentation`, `email`) VALUES (185, 840, 'Éric', 'Colas', '07 98 42 14 20', 'Caterpillar. ''Not QUITE right, I''m afraid,'' said Alice, as she did not quite sure whether it would be quite absurd for her to speak again. The Mock Turtle''s heavy sobs. Lastly, she pictured to.', 'timothée.buisson@example.com');
INSERT INTO `candidate` (`id`, `id_account`, `firstname`, `lastname`, `phonenumber`, `presentation`, `email`) VALUES (199, 9994, 'Jules', 'Gautier', '04 96 77 42 15', 'The three soldiers wandered about in all my limbs very supple By the use of a tree. By the time she had known them all her life. Indeed, she had asked it aloud; and in another minute the whole thing.', 'ymarchal@example.net');
INSERT INTO `candidate` (`id`, `id_account`, `firstname`, `lastname`, `phonenumber`, `presentation`, `email`) VALUES (376, 24, 'Paulette', 'Perez', '+33 (0)7 44 20 28 27', 'Christmas.'' And she opened the door opened inwards, and Alice''s elbow was pressed so closely against her foot, that there was no more of it now in sight, and no room to open them again, and Alice.', 'anouk.verdier@example.net');
INSERT INTO `candidate` (`id`, `id_account`, `firstname`, `lastname`, `phonenumber`, `presentation`, `email`) VALUES (493, 8717, 'Thierry', 'Bonnet', '+33 1 54 56 49 83', 'King in a very humble tone, going down on the bank--the birds with draggled feathers, the animals with their heads down and saying to herself ''Suppose it should be raving mad--at least not so mad as.', 'laine.andrée@example.com');
INSERT INTO `candidate` (`id`, `id_account`, `firstname`, `lastname`, `phonenumber`, `presentation`, `email`) VALUES (922, 7896, 'Marguerite', 'Barthelemy', '01 98 28 69 25', 'I''ll kick you down stairs!'' ''That is not said right,'' said the King. ''It began with the dream of Wonderland of long ago: and how she was about a whiting to a lobster--'' (Alice began to get through.', 'isabelle.francois@example.com');
INSERT INTO `candidate` (`id`, `id_account`, `firstname`, `lastname`, `phonenumber`, `presentation`, `email`) VALUES (4073, 2523, 'Céline', 'Maury', '05 02 93 95 15', 'So she went on growing, and very soon finished off the fire, and at last it sat for a rabbit! I suppose you''ll be asleep again before it''s done.'' ''Once upon a neat little house, and have next to.', 'richard.christiane@example.com');
INSERT INTO `candidate` (`id`, `id_account`, `firstname`, `lastname`, `phonenumber`, `presentation`, `email`) VALUES (5178, 97, 'Emmanuel', 'Gilbert', '0579191903', 'The players all played at once without waiting for the accident of the soldiers remaining behind to execute the unfortunate gardeners, who ran to Alice severely. ''What are they doing?'' Alice.', 'meunier.antoine@example.net');
INSERT INTO `candidate` (`id`, `id_account`, `firstname`, `lastname`, `phonenumber`, `presentation`, `email`) VALUES (5334, 381, 'Alice', 'Joseph', '+33 1 49 80 16 12', 'ONE.'' ''One, indeed!'' said Alice, swallowing down her flamingo, and began by producing from under his arm a great deal too far off to other parts of the Queen''s absence, and were resting in the.', 'guy58@example.com');
INSERT INTO `candidate` (`id`, `id_account`, `firstname`, `lastname`, `phonenumber`, `presentation`, `email`) VALUES (7969, 17993, 'Jules', 'Vidal', '+33 2 04 79 33 90', 'Alice. ''Well, I never knew so much about a foot high: then she had got to do,'' said Alice angrily. ''It wasn''t very civil of you to set about it; if I''m Mabel, I''ll stay down here with me! There are.', 'luc.jacquet@example.net');
INSERT INTO `candidate` (`id`, `id_account`, `firstname`, `lastname`, `phonenumber`, `presentation`, `email`) VALUES (8049, 2732, 'Henriette', 'Bertrand', '0115425149', 'The poor little Lizard, Bill, was in the air: it puzzled her very much at first, but, after watching it a bit, if you hold it too long; and that he shook his head sadly. ''Do I look like one, but it.', 'maillot.gilbert@example.net');
INSERT INTO `candidate` (`id`, `id_account`, `firstname`, `lastname`, `phonenumber`, `presentation`, `email`) VALUES (8257, 55, 'Bertrand', 'Samson', '0578324886', 'Alice could not answer without a great deal to ME,'' said Alice loudly. ''The idea of the song. ''What trial is it?'' he said. ''Fifteenth,'' said the voice. ''Fetch me my gloves this moment!'' Then came a.', 'aubry.thierry@example.com');
INSERT INTO `candidate` (`id`, `id_account`, `firstname`, `lastname`, `phonenumber`, `presentation`, `email`) VALUES (9116, 0, 'Éléonore', 'Lacombe', '+33 3 67 13 02 32', 'MUST be more to come, so she went to school every day--'' ''I''VE been to the Mock Turtle. ''Hold your tongue, Ma!'' said the Caterpillar. ''Is that the poor animal''s feelings. ''I quite forgot you didn''t.', 'christiane.marchal@example.org');
INSERT INTO `candidate` (`id`, `id_account`, `firstname`, `lastname`, `phonenumber`, `presentation`, `email`) VALUES (35560, 2, 'Manon', 'Bigot', '+33 4 89 71 17 04', 'RED rose-tree, and we won''t talk about wasting IT. It''s HIM.'' ''I don''t see any wine,'' she remarked. ''It tells the day and night! You see the Mock Turtle, ''but if you''ve seen them so often, you.', 'qlegendre@example.com');
INSERT INTO `candidate` (`id`, `id_account`, `firstname`, `lastname`, `phonenumber`, `presentation`, `email`) VALUES (50302, 9283, 'Pierre', 'Marion', '+33 4 77 62 72 26', 'First, because I''m on the bank--the birds with draggled feathers, the animals with their fur clinging close to her: its face in some book, but I don''t understand. Where did they live at the other.', 'dupuy.lucie@example.net');
INSERT INTO `candidate` (`id`, `id_account`, `firstname`, `lastname`, `phonenumber`, `presentation`, `email`) VALUES (55056, 14, 'Michèle', 'Collin', '+33 (0)4 96 20 40 73', 'I shan''t! YOU do it!--That I won''t, then!--Bill''s to go among mad people,'' Alice remarked. ''Right, as usual,'' said the Mock Turtle, ''Drive on, old fellow! Don''t be all day about it!'' and he says.', 'antoine.briand@example.org');
INSERT INTO `candidate` (`id`, `id_account`, `firstname`, `lastname`, `phonenumber`, `presentation`, `email`) VALUES (88238, 7102, 'Danielle', 'Faure', '+33 (0)6 04 38 93 09', 'Oh dear! I shall have to whisper a hint to Time, and round goes the clock in a solemn tone, only changing the order of the house if it makes me grow larger, I can listen all day about it!'' Last came.', 'louise.guillot@example.com');
INSERT INTO `candidate` (`id`, `id_account`, `firstname`, `lastname`, `phonenumber`, `presentation`, `email`) VALUES (89475, 6238, 'Thibault', 'Seguin', '0862082967', 'Dodo, ''the best way you go,'' said the Knave, ''I didn''t write it, and burning with curiosity, she ran out of his tail. ''As if I shall ever see you any more!'' And here poor Alice began to get dry.', 'chartier.auguste@example.net');
INSERT INTO `candidate` (`id`, `id_account`, `firstname`, `lastname`, `phonenumber`, `presentation`, `email`) VALUES (94301, 868, 'Olivier', 'Le Gall', '+33 3 50 78 41 09', 'Footman, and began talking again. ''Dinah''ll miss me very much to-night, I should think!'' (Dinah was the White Rabbit blew three blasts on the other was sitting next to her. ''I wish I hadn''t cried so.', 'scolas@example.org');
INSERT INTO `candidate` (`id`, `id_account`, `firstname`, `lastname`, `phonenumber`, `presentation`, `email`) VALUES (274158, 215, 'Olivie', 'Besson', '+33 (0)4 59 73 88 89', 'Alice loudly. ''The idea of having the sentence first!'' ''Hold your tongue!'' said the Caterpillar sternly. ''Explain yourself!'' ''I can''t remember things as I get SOMEWHERE,'' Alice added as an unusually.', 'alemoine@example.net');
INSERT INTO `candidate` (`id`, `id_account`, `firstname`, `lastname`, `phonenumber`, `presentation`, `email`) VALUES (560599, 21, 'Dominique', 'Bonnin', '+33 5 31 09 17 95', 'For some minutes the whole party at once and put it in asking riddles that have no idea what Latitude was, or Longitude I''ve got to?'' (Alice had no reason to be nothing but the three gardeners, but.', 'jpages@example.com');
INSERT INTO `candidate` (`id`, `id_account`, `firstname`, `lastname`, `phonenumber`, `presentation`, `email`) VALUES (708411, 512, 'Élisabeth', 'Fournier', '+33 8 84 37 18 75', 'How queer everything is queer to-day.'' Just then she noticed that one of the deepest contempt. ''I''ve seen hatters before,'' she said to herself; ''his eyes are so VERY remarkable in that; nor did.', 'nicole.brunet@example.net');
INSERT INTO `candidate` (`id`, `id_account`, `firstname`, `lastname`, `phonenumber`, `presentation`, `email`) VALUES (940459, 6, 'Charlotte', 'Baron', '07 57 52 44 27', 'Last came a little scream, half of them--and it belongs to the Duchess: ''flamingoes and mustard both bite. And the moral of that dark hall, and close to her, so she turned away. ''Come back!'' the.', 'ccoulon@example.com');
INSERT INTO `candidate` (`id`, `id_account`, `firstname`, `lastname`, `phonenumber`, `presentation`, `email`) VALUES (956972, 4368, 'Honoré', 'Dos Santos', '+33 3 70 31 32 30', 'She is such a nice little histories about children who had been jumping about like that!'' He got behind Alice as it settled down in a hoarse growl, ''the world would go anywhere without a moment''s.', 'anastasie.charrier@example.com');
INSERT INTO `candidate` (`id`, `id_account`, `firstname`, `lastname`, `phonenumber`, `presentation`, `email`) VALUES (1391240, 921, 'Lucy', 'Michaud', '+33 3 80 00 09 65', 'Do cats eat bats?'' and sometimes, ''Do bats eat cats?'' for, you see, Miss, this here ought to be managed? I suppose it doesn''t matter much,'' thought Alice, ''shall I NEVER get any older than I am very.', 'patrick.mace@example.net');
INSERT INTO `candidate` (`id`, `id_account`, `firstname`, `lastname`, `phonenumber`, `presentation`, `email`) VALUES (1803348, 7, 'Bernard', 'Laine', '04 93 75 99 85', 'King. ''When did you do lessons?'' said Alice, in a low, trembling voice. ''There''s more evidence to come yet, please your Majesty?'' he asked. ''Begin at the place of the shepherd boy--and the sneeze of.', 'isaac84@example.com');
INSERT INTO `candidate` (`id`, `id_account`, `firstname`, `lastname`, `phonenumber`, `presentation`, `email`) VALUES (2401638, 1, 'Clémence', 'Bouvet', '+33 (0)7 78 34 16 01', 'Queen in front of the month is it?'' Alice panted as she ran; but the great puzzle!'' And she began thinking over other children she knew that were of the house, \"Let us both go to on the slate..', 'ibarthelemy@example.com');
INSERT INTO `candidate` (`id`, `id_account`, `firstname`, `lastname`, `phonenumber`, `presentation`, `email`) VALUES (2848119, 3203, 'Charlotte', 'Weiss', '+33 (0)1 69 40 48 06', 'And the executioner myself,'' said the Duck. ''Found IT,'' the Mouse with an M--'' ''Why with an anxious look at the Hatter, ''I cut some more of the lefthand bit. * * * * * * * * * * * * * * * * * * * *.', 'thibault.bonnin@example.com');
INSERT INTO `candidate` (`id`, `id_account`, `firstname`, `lastname`, `phonenumber`, `presentation`, `email`) VALUES (3372469, 756, 'Martin', 'Paris', '0827546789', 'Gryphon in an undertone to the Mock Turtle. ''Seals, turtles, salmon, and so on; then, when you''ve cleared all the time she found she had plenty of time as she could not taste theirs, and the Gryphon.', 'maggie.legall@example.org');
INSERT INTO `candidate` (`id`, `id_account`, `firstname`, `lastname`, `phonenumber`, `presentation`, `email`) VALUES (4986747, 44, 'Henriette', 'Colas', '+33 9 97 35 71 82', 'You see the Queen. ''Never!'' said the sage, as he spoke, and added ''It isn''t mine,'' said the Caterpillar. Alice folded her hands, and she said this, she looked up, and reduced the answer to shillings.', 'rousset.roland@example.com');
INSERT INTO `candidate` (`id`, `id_account`, `firstname`, `lastname`, `phonenumber`, `presentation`, `email`) VALUES (7531081, 77, 'Emmanuel', 'Hernandez', '04 49 31 92 43', 'Mock Turtle said: ''advance twice, set to work, and very soon found an opportunity of adding, ''You''re looking for it, you may SIT down,'' the King said to Alice. ''Only a thimble,'' said Alice a good.', 'torres.charles@example.org');
INSERT INTO `candidate` (`id`, `id_account`, `firstname`, `lastname`, `phonenumber`, `presentation`, `email`) VALUES (9160561, 2278, 'Nathalie', 'Riou', '+33 6 69 52 16 22', 'Alice a good character, But said I didn''t!'' interrupted Alice. ''You did,'' said the Queen, and Alice was rather doubtful whether she ought not to be two people! Why, there''s hardly room for YOU, and.', 'launay.diane@example.net');
INSERT INTO `candidate` (`id`, `id_account`, `firstname`, `lastname`, `phonenumber`, `presentation`, `email`) VALUES (10532293, 35, 'Nicole', 'Andre', '+33 (0)4 37 98 17 55', 'Then followed the Knave ''Turn them over!'' The Knave of Hearts, she made it out into the air. She did not look at a reasonable pace,'' said the Queen, and in THAT direction,'' waving the other bit. Her.', 'david.brunel@example.net');
INSERT INTO `candidate` (`id`, `id_account`, `firstname`, `lastname`, `phonenumber`, `presentation`, `email`) VALUES (70852657, 54, 'Patrick', 'Picard', '09 88 27 89 48', 'The Rabbit started violently, dropped the white kid gloves in one hand and a long time with great curiosity, and this was the White Rabbit as he spoke, and the words all coming different, and then.', 'monique.buisson@example.net');
INSERT INTO `candidate` (`id`, `id_account`, `firstname`, `lastname`, `phonenumber`, `presentation`, `email`) VALUES (71026721, 60, 'Éric', 'Hamel', '0432892242', 'ALL RETURNED FROM HIM TO YOU,\"'' said Alice. ''I''ve read that in about half no time! Take your choice!'' The Duchess took her choice, and was looking at them with one finger for the pool as it was.', 'gilbert.voisin@example.net');
INSERT INTO `candidate` (`id`, `id_account`, `firstname`, `lastname`, `phonenumber`, `presentation`, `email`) VALUES (265654851, 308, 'David', 'Guyon', '0303470246', 'Duchess was VERY ugly; and secondly, because they''re making such a noise inside, no one else seemed inclined to say ''I once tasted--'' but checked herself hastily. ''I thought you did,'' said the.', 'nimbert@example.org');
INSERT INTO `candidate` (`id`, `id_account`, `firstname`, `lastname`, `phonenumber`, `presentation`, `email`) VALUES (308670142, 239, 'Dominique', 'Martineau', '+33 (0)8 40 17 57 52', 'I say,'' the Mock Turtle''s Story ''You can''t think how glad I am to see what I was a little bottle on it, or at any rate it would all come wrong, and she said to herself; ''the March Hare interrupted.', 'zleleu@example.com');
INSERT INTO `candidate` (`id`, `id_account`, `firstname`, `lastname`, `phonenumber`, `presentation`, `email`) VALUES (524928095, 15414, 'Océane', 'Schneider', '0276213103', 'Oh, how I wish you wouldn''t keep appearing and vanishing so suddenly: you make one repeat lessons!'' thought Alice; but she was surprised to see anything; then she looked at it again: but he would.', 'thierry.martin@example.com');
INSERT INTO `candidate` (`id`, `id_account`, `firstname`, `lastname`, `phonenumber`, `presentation`, `email`) VALUES (741986492, 6455, 'Élodie', 'Lopes', '+33 (0)2 45 10 01 97', 'She had already heard her sentence three of her little sister''s dream. The long grass rustled at her feet in a voice she had someone to listen to her, still it was all ridges and furrows; the balls.', 'durand.valentine@example.org');
INSERT INTO `candidate` (`id`, `id_account`, `firstname`, `lastname`, `phonenumber`, `presentation`, `email`) VALUES (776622648, 8, 'Vincent', 'Leroux', '09 88 25 02 37', 'Bill''s place for a few yards off. The Cat seemed to be otherwise than what you mean,'' the March Hare moved into the book her sister kissed her, and said, very gravely, ''I think, you ought to be.', 'thibaut37@example.com');
INSERT INTO `candidate_job_offer_applications` (`id_candidate`, `id_job_offer`) VALUES (0, 0);
INSERT INTO `candidate_job_offer_applications` (`id_candidate`, `id_job_offer`) VALUES (0, 2380);
INSERT INTO `candidate_job_offer_applications` (`id_candidate`, `id_job_offer`) VALUES (1, 1);
INSERT INTO `candidate_job_offer_applications` (`id_candidate`, `id_job_offer`) VALUES (1, 2580);
INSERT INTO `candidate_job_offer_applications` (`id_candidate`, `id_job_offer`) VALUES (2, 2);
INSERT INTO `candidate_job_offer_applications` (`id_candidate`, `id_job_offer`) VALUES (2, 3440);
INSERT INTO `candidate_job_offer_applications` (`id_candidate`, `id_job_offer`) VALUES (4, 3);
INSERT INTO `candidate_job_offer_applications` (`id_candidate`, `id_job_offer`) VALUES (4, 4678);
INSERT INTO `candidate_job_offer_applications` (`id_candidate`, `id_job_offer`) VALUES (7, 4);
INSERT INTO `candidate_job_offer_applications` (`id_candidate`, `id_job_offer`) VALUES (7, 5795);
INSERT INTO `candidate_job_offer_applications` (`id_candidate`, `id_job_offer`) VALUES (8, 6);
INSERT INTO `candidate_job_offer_applications` (`id_candidate`, `id_job_offer`) VALUES (8, 5910);
INSERT INTO `candidate_job_offer_applications` (`id_candidate`, `id_job_offer`) VALUES (10, 7);
INSERT INTO `candidate_job_offer_applications` (`id_candidate`, `id_job_offer`) VALUES (10, 6005);
INSERT INTO `candidate_job_offer_applications` (`id_candidate`, `id_job_offer`) VALUES (40, 8);
INSERT INTO `candidate_job_offer_applications` (`id_candidate`, `id_job_offer`) VALUES (40, 6641);
INSERT INTO `candidate_job_offer_applications` (`id_candidate`, `id_job_offer`) VALUES (69, 9);
INSERT INTO `candidate_job_offer_applications` (`id_candidate`, `id_job_offer`) VALUES (69, 6665);
INSERT INTO `candidate_job_offer_applications` (`id_candidate`, `id_job_offer`) VALUES (71, 11);
INSERT INTO `candidate_job_offer_applications` (`id_candidate`, `id_job_offer`) VALUES (71, 7755);
INSERT INTO `candidate_job_offer_applications` (`id_candidate`, `id_job_offer`) VALUES (88, 24);
INSERT INTO `candidate_job_offer_applications` (`id_candidate`, `id_job_offer`) VALUES (88, 8089);
INSERT INTO `candidate_job_offer_applications` (`id_candidate`, `id_job_offer`) VALUES (185, 25);
INSERT INTO `candidate_job_offer_applications` (`id_candidate`, `id_job_offer`) VALUES (185, 8304);
INSERT INTO `candidate_job_offer_applications` (`id_candidate`, `id_job_offer`) VALUES (199, 31);
INSERT INTO `candidate_job_offer_applications` (`id_candidate`, `id_job_offer`) VALUES (199, 8556);
INSERT INTO `candidate_job_offer_applications` (`id_candidate`, `id_job_offer`) VALUES (376, 38);
INSERT INTO `candidate_job_offer_applications` (`id_candidate`, `id_job_offer`) VALUES (376, 8855);
INSERT INTO `candidate_job_offer_applications` (`id_candidate`, `id_job_offer`) VALUES (493, 41);
INSERT INTO `candidate_job_offer_applications` (`id_candidate`, `id_job_offer`) VALUES (493, 8909);
INSERT INTO `candidate_job_offer_applications` (`id_candidate`, `id_job_offer`) VALUES (922, 52);
INSERT INTO `candidate_job_offer_applications` (`id_candidate`, `id_job_offer`) VALUES (922, 9504);
INSERT INTO `candidate_job_offer_applications` (`id_candidate`, `id_job_offer`) VALUES (4073, 56);
INSERT INTO `candidate_job_offer_applications` (`id_candidate`, `id_job_offer`) VALUES (4073, 9562);
INSERT INTO `candidate_job_offer_applications` (`id_candidate`, `id_job_offer`) VALUES (5178, 57);
INSERT INTO `candidate_job_offer_applications` (`id_candidate`, `id_job_offer`) VALUES (5178, 16516);
INSERT INTO `candidate_job_offer_applications` (`id_candidate`, `id_job_offer`) VALUES (5334, 58);
INSERT INTO `candidate_job_offer_applications` (`id_candidate`, `id_job_offer`) VALUES (5334, 17010);
INSERT INTO `candidate_job_offer_applications` (`id_candidate`, `id_job_offer`) VALUES (7969, 60);
INSERT INTO `candidate_job_offer_applications` (`id_candidate`, `id_job_offer`) VALUES (7969, 18317);
INSERT INTO `candidate_job_offer_applications` (`id_candidate`, `id_job_offer`) VALUES (8049, 67);
INSERT INTO `candidate_job_offer_applications` (`id_candidate`, `id_job_offer`) VALUES (8049, 19015);
INSERT INTO `candidate_job_offer_applications` (`id_candidate`, `id_job_offer`) VALUES (8257, 69);
INSERT INTO `candidate_job_offer_applications` (`id_candidate`, `id_job_offer`) VALUES (8257, 23220);
INSERT INTO `candidate_job_offer_applications` (`id_candidate`, `id_job_offer`) VALUES (9116, 78);
INSERT INTO `candidate_job_offer_applications` (`id_candidate`, `id_job_offer`) VALUES (9116, 23489);
INSERT INTO `candidate_job_offer_applications` (`id_candidate`, `id_job_offer`) VALUES (35560, 81);
INSERT INTO `candidate_job_offer_applications` (`id_candidate`, `id_job_offer`) VALUES (35560, 23785);
INSERT INTO `candidate_job_offer_applications` (`id_candidate`, `id_job_offer`) VALUES (50302, 83);
INSERT INTO `candidate_job_offer_applications` (`id_candidate`, `id_job_offer`) VALUES (50302, 24192);
INSERT INTO `candidate_job_offer_applications` (`id_candidate`, `id_job_offer`) VALUES (55056, 85);
INSERT INTO `candidate_job_offer_applications` (`id_candidate`, `id_job_offer`) VALUES (55056, 25939);
INSERT INTO `candidate_job_offer_applications` (`id_candidate`, `id_job_offer`) VALUES (88238, 89);
INSERT INTO `candidate_job_offer_applications` (`id_candidate`, `id_job_offer`) VALUES (88238, 26288);
INSERT INTO `candidate_job_offer_applications` (`id_candidate`, `id_job_offer`) VALUES (89475, 96);
INSERT INTO `candidate_job_offer_applications` (`id_candidate`, `id_job_offer`) VALUES (89475, 26429);
INSERT INTO `candidate_job_offer_applications` (`id_candidate`, `id_job_offer`) VALUES (94301, 99);
INSERT INTO `candidate_job_offer_applications` (`id_candidate`, `id_job_offer`) VALUES (94301, 30781);
INSERT INTO `candidate_job_offer_applications` (`id_candidate`, `id_job_offer`) VALUES (274158, 119);
INSERT INTO `candidate_job_offer_applications` (`id_candidate`, `id_job_offer`) VALUES (274158, 37008);
INSERT INTO `candidate_job_offer_applications` (`id_candidate`, `id_job_offer`) VALUES (560599, 202);
INSERT INTO `candidate_job_offer_applications` (`id_candidate`, `id_job_offer`) VALUES (560599, 39372);
INSERT INTO `candidate_job_offer_applications` (`id_candidate`, `id_job_offer`) VALUES (708411, 244);
INSERT INTO `candidate_job_offer_applications` (`id_candidate`, `id_job_offer`) VALUES (708411, 41089);
INSERT INTO `candidate_job_offer_applications` (`id_candidate`, `id_job_offer`) VALUES (940459, 264);
INSERT INTO `candidate_job_offer_applications` (`id_candidate`, `id_job_offer`) VALUES (940459, 47777);
INSERT INTO `candidate_job_offer_applications` (`id_candidate`, `id_job_offer`) VALUES (956972, 285);
INSERT INTO `candidate_job_offer_applications` (`id_candidate`, `id_job_offer`) VALUES (956972, 53255);
INSERT INTO `candidate_job_offer_applications` (`id_candidate`, `id_job_offer`) VALUES (1391240, 300);
INSERT INTO `candidate_job_offer_applications` (`id_candidate`, `id_job_offer`) VALUES (1391240, 53356);
INSERT INTO `candidate_job_offer_applications` (`id_candidate`, `id_job_offer`) VALUES (1803348, 311);
INSERT INTO `candidate_job_offer_applications` (`id_candidate`, `id_job_offer`) VALUES (1803348, 53387);
INSERT INTO `candidate_job_offer_applications` (`id_candidate`, `id_job_offer`) VALUES (2401638, 348);
INSERT INTO `candidate_job_offer_applications` (`id_candidate`, `id_job_offer`) VALUES (2401638, 56220);
INSERT INTO `candidate_job_offer_applications` (`id_candidate`, `id_job_offer`) VALUES (2848119, 370);
INSERT INTO `candidate_job_offer_applications` (`id_candidate`, `id_job_offer`) VALUES (2848119, 60934);
INSERT INTO `candidate_job_offer_applications` (`id_candidate`, `id_job_offer`) VALUES (3372469, 442);
INSERT INTO `candidate_job_offer_applications` (`id_candidate`, `id_job_offer`) VALUES (3372469, 65219);
INSERT INTO `candidate_job_offer_applications` (`id_candidate`, `id_job_offer`) VALUES (4986747, 460);
INSERT INTO `candidate_job_offer_applications` (`id_candidate`, `id_job_offer`) VALUES (4986747, 67918);
INSERT INTO `candidate_job_offer_applications` (`id_candidate`, `id_job_offer`) VALUES (7531081, 501);
INSERT INTO `candidate_job_offer_applications` (`id_candidate`, `id_job_offer`) VALUES (7531081, 74137);
INSERT INTO `candidate_job_offer_applications` (`id_candidate`, `id_job_offer`) VALUES (9160561, 507);
INSERT INTO `candidate_job_offer_applications` (`id_candidate`, `id_job_offer`) VALUES (9160561, 76920);
INSERT INTO `candidate_job_offer_applications` (`id_candidate`, `id_job_offer`) VALUES (10532293, 537);
INSERT INTO `candidate_job_offer_applications` (`id_candidate`, `id_job_offer`) VALUES (10532293, 78188);
INSERT INTO `candidate_job_offer_applications` (`id_candidate`, `id_job_offer`) VALUES (70852657, 651);
INSERT INTO `candidate_job_offer_applications` (`id_candidate`, `id_job_offer`) VALUES (70852657, 95049);
INSERT INTO `candidate_job_offer_applications` (`id_candidate`, `id_job_offer`) VALUES (71026721, 765);
INSERT INTO `candidate_job_offer_applications` (`id_candidate`, `id_job_offer`) VALUES (71026721, 95999);
INSERT INTO `candidate_job_offer_applications` (`id_candidate`, `id_job_offer`) VALUES (265654851, 792);
INSERT INTO `candidate_job_offer_applications` (`id_candidate`, `id_job_offer`) VALUES (265654851, 99029);
INSERT INTO `candidate_job_offer_applications` (`id_candidate`, `id_job_offer`) VALUES (308670142, 976);
INSERT INTO `candidate_job_offer_applications` (`id_candidate`, `id_job_offer`) VALUES (308670142, 117312);
INSERT INTO `candidate_job_offer_applications` (`id_candidate`, `id_job_offer`) VALUES (524928095, 988);
INSERT INTO `candidate_job_offer_applications` (`id_candidate`, `id_job_offer`) VALUES (524928095, 126515);
INSERT INTO `candidate_job_offer_applications` (`id_candidate`, `id_job_offer`) VALUES (741986492, 1653);
INSERT INTO `candidate_job_offer_applications` (`id_candidate`, `id_job_offer`) VALUES (776622648, 1975);
INSERT INTO `company` (`id`, `name`, `description`) VALUES (0, 'officiis', 'Aliquam rem eveniet repellat quis illo voluptas unde. Officia minima adipisci sed labore ut cupiditate. Rerum quia nam quia ex.');
INSERT INTO `company` (`id`, `name`, `description`) VALUES (1, 'sunt', 'Pariatur nostrum quia eos minus deleniti non. Quos quod voluptate occaecati est ducimus fuga rem. Ab animi sed ut qui voluptatem consequatur sint. Odit nemo labore neque ex officia dicta.');
INSERT INTO `company` (`id`, `name`, `description`) VALUES (7, 'omnis', 'Ipsa molestias omnis architecto totam mollitia illum. Autem aperiam enim hic laboriosam amet. Soluta optio quidem quae dicta quae aperiam. Debitis minima earum accusantium. Tempora veniam explicabo aspernatur qui repellendus ipsum quasi doloribus.');
INSERT INTO `company` (`id`, `name`, `description`) VALUES (20, 'cum', 'Debitis placeat quia in sunt voluptate. Autem voluptate tenetur possimus impedit numquam neque accusantium. Dolor pariatur dolorum facilis ab ut aut. Blanditiis quod suscipit placeat ut deserunt earum sapiente autem.');
INSERT INTO `company` (`id`, `name`, `description`) VALUES (38, 'minus', 'Aliquam voluptates maxime fugit eos. Distinctio aut id et totam sed et quis. Distinctio veritatis consequatur quod rerum ad aperiam. Nam sequi ut quis sed quam.');
INSERT INTO `company` (`id`, `name`, `description`) VALUES (57, 'delectus', 'Atque illum porro maiores. Qui autem dicta veniam assumenda aut recusandae. Et maxime asperiores aut et sit minima. Voluptatem laborum aut perferendis numquam qui officiis. Ratione recusandae ullam facilis voluptas odit et consequatur voluptatem.');
INSERT INTO `company` (`id`, `name`, `description`) VALUES (189, 'qui', 'Impedit a ipsa qui pariatur eos id libero natus. Eos consequatur ab aperiam et distinctio provident velit. Reiciendis delectus excepturi quia voluptatem esse modi. Necessitatibus quam assumenda aspernatur quibusdam corporis totam quis.');
INSERT INTO `company` (`id`, `name`, `description`) VALUES (405, 'dolores', 'Quia inventore sint vel magni. Reiciendis pariatur atque maxime adipisci rem. Delectus vero quia quo esse incidunt et. Vero quidem dolorem debitis.');
INSERT INTO `company` (`id`, `name`, `description`) VALUES (547, 'nostrum', 'Quae laboriosam non nihil aut aut in quia. Delectus assumenda ut saepe vitae ut voluptates repellendus aut. Sed ratione cumque ut ex sed maxime et voluptas. Fugiat temporibus architecto a itaque voluptatem sint mollitia.');
INSERT INTO `company` (`id`, `name`, `description`) VALUES (6318, 'quam', 'Velit dolores ut voluptatem. Autem est consequatur cupiditate magni sunt. Autem nam laboriosam qui culpa quidem atque nostrum nisi.');
INSERT INTO `company` (`id`, `name`, `description`) VALUES (6806, 'aut', 'Labore nulla qui quia accusamus molestiae. Perferendis eaque aut et quos nostrum facere est. Sapiente sit tenetur corrupti ipsum.');
INSERT INTO `company` (`id`, `name`, `description`) VALUES (27605, 'provident', 'Enim itaque porro sed dignissimos eos enim ut. Temporibus aliquam aut et nisi accusamus quibusdam suscipit voluptates. Autem magni delectus deserunt rerum molestiae sequi illum eum. Et laborum maiores sit aut quidem pariatur. Veritatis et ipsam ut.');
INSERT INTO `company` (`id`, `name`, `description`) VALUES (142548, 'ex', 'Ullam corrupti omnis qui beatae amet. Enim delectus explicabo consequuntur deleniti quia eos. Minus quo enim et aliquam eaque facilis. Non qui atque quod deserunt.');
INSERT INTO `company` (`id`, `name`, `description`) VALUES (230796, 'accusamus', 'Delectus molestias non similique excepturi ducimus ut. Ea pariatur accusantium voluptatem. Nemo dolore possimus vitae eveniet minima atque aut.');
INSERT INTO `company` (`id`, `name`, `description`) VALUES (990184, 'aut', 'Saepe sapiente cumque qui harum aut culpa. Vitae voluptatum nihil adipisci labore voluptatem facilis veniam omnis. Non dolor aut distinctio sequi.');
INSERT INTO `company` (`id`, `name`, `description`) VALUES (7780151, 'et', 'Aut placeat nihil recusandae quibusdam rerum et. Possimus alias reprehenderit dolorem corrupti consequatur ut. Voluptas esse quod fugiat laborum. Architecto rem et voluptatem iure qui.');
INSERT INTO `company` (`id`, `name`, `description`) VALUES (39718403, 'corporis', 'Itaque et cumque inventore. Laudantium quia sint debitis optio. Libero in excepturi numquam praesentium eum labore et. Perspiciatis excepturi non officia vitae impedit corrupti.');
INSERT INTO `company` (`id`, `name`, `description`) VALUES (64250494, 'est', 'Excepturi et veritatis velit quaerat. Doloribus quam voluptas nisi qui velit. Accusantium facere voluptate aut numquam.');
INSERT INTO `company` (`id`, `name`, `description`) VALUES (75382817, 'odit', 'Iure dolor voluptatem aut excepturi rerum est. Totam quo aspernatur nemo. Ratione odio in aspernatur aut vel ducimus.');
INSERT INTO `company` (`id`, `name`, `description`) VALUES (494831929, 'quos', 'Expedita maxime sit porro iste magnam aut non voluptate. Est praesentium nemo provident id at velit. Velit qui voluptates qui voluptatibus. Qui dolores eligendi sunt sint.');
INSERT INTO `job_offer` (`id`, `title`, `description`, `city`, `id_company`) VALUES (0, 'Sed cumque sed nihil vitae consequatur nihil consequatur.', 'Optio ad sint exercitationem aut ullam. Mollitia commodi ab unde et ut incidunt. At quos nulla nihil et tempore optio necessitatibus. Dolor molestiae dicta illo ut quia.', 'Paris', 75382817);
INSERT INTO `job_offer` (`id`, `title`, `description`, `city`, `id_company`) VALUES (1, 'Sunt tempora totam aut ut repellat.', 'Voluptate et tenetur magnam provident voluptatem non. In vel ducimus beatae cumque iusto quam. Mollitia repellat occaecati aut dolores.', 'Paris', 142548);
INSERT INTO `job_offer` (`id`, `title`, `description`, `city`, `id_company`) VALUES (2, 'Quas enim qui et.', 'Possimus non eos id perspiciatis veniam vitae. Rem laborum quo dolore quia tempora voluptatem. Aliquid earum saepe exercitationem aut rerum eos voluptas.', 'Bordeaux', 405);
INSERT INTO `job_offer` (`id`, `title`, `description`, `city`, `id_company`) VALUES (3, 'Eum inventore dolores ea voluptatibus at.', 'Laborum consequatur rem fugit quo aut et magnam. Incidunt totam accusantium dolorem tempore pariatur ut explicabo. Sunt magni minima et veniam aut.', 'Paris', 20);
INSERT INTO `job_offer` (`id`, `title`, `description`, `city`, `id_company`) VALUES (4, 'Omnis alias voluptatum omnis temporibus doloribus cupiditate dicta iste.', 'Omnis et ea voluptas. Earum qui deleniti enim vel provident asperiores. Quisquam sunt eveniet voluptas impedit totam deserunt.', 'Bordeaux', 27605);
INSERT INTO `job_offer` (`id`, `title`, `description`, `city`, `id_company`) VALUES (6, 'Qui aut aut occaecati debitis.', 'Illo voluptas hic repellendus nam et dolore dolorum. Et quis nobis non voluptatem explicabo. Nesciunt ut minus vero veniam ducimus. Reprehenderit ab ut voluptas quod.', 'Bordeaux', 189);
INSERT INTO `job_offer` (`id`, `title`, `description`, `city`, `id_company`) VALUES (7, 'Quia repellendus fuga ut alias aut placeat.', 'Sint aut nesciunt accusantium sunt modi rerum rerum. Itaque et nisi consectetur quasi est ea. Minima voluptatem quidem ad ipsa porro explicabo. Quibusdam ducimus voluptas dolor mollitia ut quos recusandae.', 'Bordeaux', 189);
INSERT INTO `job_offer` (`id`, `title`, `description`, `city`, `id_company`) VALUES (8, 'Sed numquam voluptatibus tempora dolorem ut soluta sunt.', 'Voluptatem porro facere iste nostrum ipsum similique et. Iure fuga sed praesentium assumenda. Voluptatum sit rerum deleniti autem quod.', 'Bordeaux', 6318);
INSERT INTO `job_offer` (`id`, `title`, `description`, `city`, `id_company`) VALUES (9, 'Nulla enim omnis eius laudantium voluptatem.', 'Ea velit aut quo velit. Magni autem id commodi blanditiis ducimus modi. Cumque non provident iusto repellendus culpa est labore est.', 'Bordeaux', 494831929);
INSERT INTO `job_offer` (`id`, `title`, `description`, `city`, `id_company`) VALUES (11, 'Nostrum et nihil facilis perferendis non.', 'Dolor est at qui. Occaecati est repellat odio sit animi non consequuntur. Harum eveniet quos autem voluptas vel sit et. Qui accusantium adipisci libero reiciendis officia ut.', 'Bordeaux', 230796);
INSERT INTO `job_offer` (`id`, `title`, `description`, `city`, `id_company`) VALUES (24, 'Explicabo dicta rerum ut ut.', 'Voluptatem voluptatem quibusdam eaque neque nobis. Aut suscipit saepe numquam esse animi fuga. Ut dolores ipsum dolor doloribus nesciunt.', 'Bordeaux', 494831929);
INSERT INTO `job_offer` (`id`, `title`, `description`, `city`, `id_company`) VALUES (25, 'Voluptate ut iusto mollitia quia aut natus.', 'Qui est et maxime occaecati voluptatem. Officiis non qui maiores dolor perferendis corporis maiores porro. Laborum ut est recusandae nemo.', 'Bordeaux', 7);
INSERT INTO `job_offer` (`id`, `title`, `description`, `city`, `id_company`) VALUES (31, 'Consequatur dolor eligendi impedit nemo laudantium.', 'Necessitatibus consequatur vitae est quis. Et ab non non animi vitae.', 'Bordeaux', 230796);
INSERT INTO `job_offer` (`id`, `title`, `description`, `city`, `id_company`) VALUES (38, 'Magni tempore vel voluptatum voluptas rerum repellendus debitis.', 'Ipsam voluptatem nam autem omnis. In aperiam saepe explicabo rerum.', 'Bordeaux', 6806);
INSERT INTO `job_offer` (`id`, `title`, `description`, `city`, `id_company`) VALUES (41, 'Asperiores corrupti quibusdam possimus nisi aliquam.', 'Necessitatibus minus incidunt vel vel quis laboriosam numquam sed. A sapiente impedit omnis repellat quam vitae repellendus. A et beatae sequi tempora voluptatem facilis ratione. Id nostrum quam non est quo maiores.', 'Bordeaux', 39718403);
INSERT INTO `job_offer` (`id`, `title`, `description`, `city`, `id_company`) VALUES (52, 'Sint id aut et dolorem facilis itaque qui vel.', 'Maxime magnam aut tempore. Ducimus velit nam dicta enim qui. Vero quos non enim.', 'Bordeaux', 405);
INSERT INTO `job_offer` (`id`, `title`, `description`, `city`, `id_company`) VALUES (56, 'Consectetur animi sed quas inventore dolorem ipsam incidunt.', 'Placeat quam ut nemo vitae cum modi. A quis qui culpa aperiam repellendus consequatur. Quae voluptas ut laudantium porro maxime et incidunt.', 'Bordeaux', 7);
INSERT INTO `job_offer` (`id`, `title`, `description`, `city`, `id_company`) VALUES (57, 'Impedit qui quibusdam ad ad.', 'Nostrum esse illo qui atque autem. Error eum vero rerum corrupti exercitationem impedit. Necessitatibus tenetur est aut beatae. Facilis id facere tempore rerum. Ipsam ut quaerat ipsa aut quos enim.', 'Bordeaux', 20);
INSERT INTO `job_offer` (`id`, `title`, `description`, `city`, `id_company`) VALUES (58, 'Eius voluptatem vel culpa natus incidunt.', 'Laborum non facere enim vel accusamus officiis quam. Labore illo et reprehenderit ex. Aut et vel magnam aperiam assumenda ipsa. Enim exercitationem voluptatem ratione ad voluptatem architecto maiores facere.', 'Bordeaux', 75382817);
INSERT INTO `job_offer` (`id`, `title`, `description`, `city`, `id_company`) VALUES (60, 'Reiciendis vitae id dicta enim consequatur veniam voluptas tenetur.', 'Quam ut distinctio dolore et non vero. Tempora aut possimus eos qui quo numquam pariatur. Optio blanditiis velit temporibus blanditiis voluptates voluptatem ut. Molestiae culpa quo numquam deserunt perferendis quas.', 'Bordeaux', 7);
INSERT INTO `job_offer` (`id`, `title`, `description`, `city`, `id_company`) VALUES (67, 'Iste repellendus quaerat explicabo qui.', 'Odio non quasi animi architecto. Molestiae eligendi voluptatem quo veniam aut aut. Dignissimos et quis molestiae voluptatem odit enim et. Quis impedit vitae nisi.', 'Bordeaux', 7);
INSERT INTO `job_offer` (`id`, `title`, `description`, `city`, `id_company`) VALUES (69, 'Id quis voluptatem tenetur alias adipisci.', 'Est delectus eum alias nobis. Amet qui porro deleniti quaerat maxime. Sed mollitia animi error est est totam. Nihil harum laboriosam qui in quasi aliquid et.', 'Bordeaux', 39718403);
INSERT INTO `job_offer` (`id`, `title`, `description`, `city`, `id_company`) VALUES (78, 'Corrupti sed quo autem dolores rerum ea.', 'Dolore eos dolorum sunt rerum exercitationem laborum. Magnam in omnis laboriosam enim. Reprehenderit eum non ut magnam minima ipsa.', 'Bordeaux', 405);
INSERT INTO `job_offer` (`id`, `title`, `description`, `city`, `id_company`) VALUES (81, 'Est qui dicta sunt in delectus cum.', 'Pariatur eum itaque et aut aliquam. Cum sunt nobis aliquam blanditiis illo aliquid. Totam consequuntur quam alias officiis architecto.', 'Bordeaux', 405);
INSERT INTO `job_offer` (`id`, `title`, `description`, `city`, `id_company`) VALUES (83, 'Incidunt soluta voluptas accusamus iste eum dolorem provident.', 'Ipsum ea consequatur quidem et consequatur recusandae magni. Exercitationem voluptas quisquam nisi aut enim enim. Sint sint qui voluptatem sequi beatae qui provident.', 'Bordeaux', 0);
INSERT INTO `job_offer` (`id`, `title`, `description`, `city`, `id_company`) VALUES (85, 'Cumque quibusdam ullam quia.', 'Vel voluptatem qui et. Labore repellat reiciendis dolores pariatur ullam provident. Aliquid sit sint veritatis temporibus.', 'Bordeaux', 57);
INSERT INTO `job_offer` (`id`, `title`, `description`, `city`, `id_company`) VALUES (89, 'Et in laborum omnis dolorem.', 'Adipisci ab laboriosam impedit. Eum dolorum distinctio omnis sit. Cupiditate ea eaque quam.', 'Bordeaux', 75382817);
INSERT INTO `job_offer` (`id`, `title`, `description`, `city`, `id_company`) VALUES (96, 'Voluptatem et quas nemo beatae labore.', 'Dignissimos quia animi non adipisci et. Nulla illum et quo asperiores vel. Et molestiae eligendi ab. Omnis et ullam rerum eum maxime sint architecto quas.', 'Bordeaux', 38);
INSERT INTO `job_offer` (`id`, `title`, `description`, `city`, `id_company`) VALUES (99, 'Qui quisquam a qui.', 'Enim a commodi facere quidem suscipit laborum doloremque. Sed excepturi quod praesentium doloremque. Ut iure eos impedit quisquam consequatur minus. Et harum neque id in illum.', 'Bordeaux', 20);
INSERT INTO `job_offer` (`id`, `title`, `description`, `city`, `id_company`) VALUES (119, 'Et nemo autem est deserunt nam alias.', 'Facilis sit consectetur qui minus qui necessitatibus. Voluptates quis illo aut distinctio eligendi voluptatibus est. Cupiditate perferendis ad debitis molestias dolores vitae. Esse modi rem blanditiis ab ut. Et sunt dolorem voluptatum dolores et possimus.', 'Bordeaux', 1);
INSERT INTO `job_offer` (`id`, `title`, `description`, `city`, `id_company`) VALUES (202, 'Nostrum amet repudiandae facilis est asperiores laborum est.', 'Voluptates fuga dicta optio voluptas in. Est tenetur suscipit hic et eveniet nulla aut. Rerum alias quae occaecati ab ut nesciunt.', 'Bordeaux', 547);
INSERT INTO `job_offer` (`id`, `title`, `description`, `city`, `id_company`) VALUES (244, 'Esse in aspernatur veritatis amet inventore et dolore.', 'Accusamus dolores perspiciatis et accusamus odit. Sapiente est ut cum a iure qui tempora. Saepe rerum id at. Est ut ut aut.', 'Bordeaux', 547);
INSERT INTO `job_offer` (`id`, `title`, `description`, `city`, `id_company`) VALUES (264, 'Ad animi odit illum nemo.', 'Perspiciatis est quibusdam dolor at. Doloremque qui nam et quas reiciendis. Laboriosam aut facilis dolorem dicta. Recusandae qui aut inventore pariatur eum.', 'Bordeaux', 6806);
INSERT INTO `job_offer` (`id`, `title`, `description`, `city`, `id_company`) VALUES (285, 'Voluptatem nulla quia illum distinctio molestias ab.', 'Iure ut error vel suscipit. Dolorem qui quidem odit est. Illo aliquid impedit consequatur deleniti ab possimus velit.', 'Bordeaux', 189);
INSERT INTO `job_offer` (`id`, `title`, `description`, `city`, `id_company`) VALUES (300, 'Sit fugit quia consequuntur a.', 'Voluptate quia laborum dolore similique similique est. Ut non atque et nobis qui rerum nobis.', 'Bordeaux', 142548);
INSERT INTO `job_offer` (`id`, `title`, `description`, `city`, `id_company`) VALUES (311, 'Assumenda deleniti incidunt qui sed commodi modi.', 'Est dolor quia aperiam aut dolorem fugiat. Hic sit eaque alias. Est occaecati reprehenderit distinctio mollitia officiis soluta et. Sed qui rerum tempore enim assumenda voluptas.', 'Bordeaux', 405);
INSERT INTO `job_offer` (`id`, `title`, `description`, `city`, `id_company`) VALUES (348, 'Voluptatem esse at amet quo dolorum voluptatum.', 'Repellat quidem qui debitis perspiciatis et. Incidunt corrupti assumenda consequatur qui. Autem et et nihil perspiciatis officiis eligendi similique. Placeat qui aut est vero.', 'Bordeaux', 494831929);
INSERT INTO `job_offer` (`id`, `title`, `description`, `city`, `id_company`) VALUES (370, 'Est quae odit quam optio.', 'Dolore harum magni est adipisci qui quos. Cumque eos exercitationem saepe rerum eveniet ratione asperiores. Tempora a voluptatibus est laborum.', 'Bordeaux', 75382817);
INSERT INTO `job_offer` (`id`, `title`, `description`, `city`, `id_company`) VALUES (442, 'Fugit odit aut eveniet ut cumque maiores blanditiis.', 'Ipsam magnam temporibus aut. Quam autem sed earum reiciendis fuga. Delectus molestias natus libero. Suscipit doloremque ipsam expedita quas.', 'Bordeaux', 38);
INSERT INTO `job_offer` (`id`, `title`, `description`, `city`, `id_company`) VALUES (460, 'Dolores et cum pariatur velit autem tenetur dolor est.', 'Earum minima sed enim voluptate est ab. Error exercitationem aut quod sed autem. Illum quia reprehenderit dolorem ipsam accusamus ut atque.', 'Bordeaux', 142548);
INSERT INTO `job_offer` (`id`, `title`, `description`, `city`, `id_company`) VALUES (501, 'Eaque iusto sequi deleniti accusantium voluptates numquam et voluptatem.', 'Rerum odio consequatur enim alias. Perferendis amet non ut dolores magnam corrupti sed. Possimus dignissimos autem natus laudantium non eligendi earum sit. Ea quo voluptatem quae hic.', 'Bordeaux', 142548);
INSERT INTO `job_offer` (`id`, `title`, `description`, `city`, `id_company`) VALUES (507, 'Et vel et quia iure hic.', 'Voluptas eligendi ea ut totam est ex. Fugiat tempore a qui. Dolorum molestias quos adipisci ab voluptatem atque. Quo voluptatibus sint rerum exercitationem voluptatibus voluptate harum.', 'Bordeaux', 6806);
INSERT INTO `job_offer` (`id`, `title`, `description`, `city`, `id_company`) VALUES (537, 'Enim rerum rerum amet similique in enim.', 'Voluptates ut aut non laborum aspernatur. Tempore hic ab dolor. Distinctio sint fuga iste eum impedit ut et. Dolore asperiores omnis deleniti exercitationem.', 'Bordeaux', 7);
INSERT INTO `job_offer` (`id`, `title`, `description`, `city`, `id_company`) VALUES (651, 'Tempore doloribus necessitatibus expedita.', 'Illo at perspiciatis sequi et. Quia saepe quis veniam in exercitationem temporibus fuga. Suscipit a optio aut dolorem nobis dolores dolores.', 'Bordeaux', 75382817);
INSERT INTO `job_offer` (`id`, `title`, `description`, `city`, `id_company`) VALUES (765, 'Nam odit corrupti nam recusandae.', 'Delectus illum earum voluptates tempore tempore ratione. Qui id in quis temporibus quos quaerat cum. Omnis vel perferendis ipsum debitis ducimus saepe omnis.', 'Bordeaux', 405);
INSERT INTO `job_offer` (`id`, `title`, `description`, `city`, `id_company`) VALUES (792, 'Sed quisquam dignissimos voluptas vel.', 'Autem eum soluta velit vel dolor molestias ullam. Illum eum est tempore incidunt possimus et. Expedita distinctio quia cumque consequuntur. Sequi inventore assumenda sint officia aspernatur maiores non.', 'Bordeaux', 230796);
INSERT INTO `job_offer` (`id`, `title`, `description`, `city`, `id_company`) VALUES (976, 'Omnis nihil neque ullam dolores consequatur ab.', 'Magnam sit aliquam omnis illo et unde atque. Fuga rerum minima molestias minima. Et qui quos odit expedita vel.', 'Bordeaux', 990184);
INSERT INTO `job_offer` (`id`, `title`, `description`, `city`, `id_company`) VALUES (988, 'Et non et accusamus ipsa.', 'Quisquam quisquam culpa sit debitis consectetur quam. Quasi voluptatum voluptatum odit saepe fuga odio. Tempore et est officiis qui quia esse.', 'Bordeaux', 1);
INSERT INTO `job_offer` (`id`, `title`, `description`, `city`, `id_company`) VALUES (1653, 'Sapiente enim nam corrupti a voluptatum ut.', 'Excepturi dolores rerum quibusdam est. Excepturi hic veritatis error dolore fuga et eum. Quia asperiores quos cupiditate dolores vitae.', 'Bordeaux', 990184);
INSERT INTO `job_offer` (`id`, `title`, `description`, `city`, `id_company`) VALUES (1975, 'Nam quam possimus distinctio.', 'Tempora enim impedit iusto aut sint. Incidunt iste quis tempora molestias porro molestiae libero reiciendis. Dolores commodi qui ut fuga nihil atque neque.', 'Bordeaux', 20);
INSERT INTO `job_offer` (`id`, `title`, `description`, `city`, `id_company`) VALUES (2380, 'Quibusdam voluptatem autem voluptatem voluptatibus.', 'Mollitia sint aut explicabo nihil natus dolorem aperiam. Temporibus aut quae accusamus alias ullam. Et atque dolorem sequi et voluptas voluptate.', 'Bordeaux', 547);
INSERT INTO `job_offer` (`id`, `title`, `description`, `city`, `id_company`) VALUES (2580, 'Vero sequi animi facere nobis non iure ea.', 'Inventore adipisci asperiores quas saepe fuga quia rerum architecto. Commodi odit quaerat voluptas natus voluptates corrupti quibusdam perferendis. Omnis fugiat ut quis. Animi quam quidem quam non vero.', 'Bordeaux', 990184);
INSERT INTO `job_offer` (`id`, `title`, `description`, `city`, `id_company`) VALUES (3440, 'Libero atque perspiciatis velit eum.', 'Provident hic quia illum architecto consequatur rerum. Et illo sequi et veniam voluptas eum. Sequi commodi ullam ea pariatur maiores.', 'Bordeaux', 39718403);
INSERT INTO `job_offer` (`id`, `title`, `description`, `city`, `id_company`) VALUES (4678, 'Harum necessitatibus in impedit aut omnis et.', 'Sed vel nam commodi voluptatem facere asperiores. Numquam voluptatem excepturi facere neque non dolores. Ea qui nulla aut sed.', 'Bordeaux', 75382817);
INSERT INTO `job_offer` (`id`, `title`, `description`, `city`, `id_company`) VALUES (5795, 'Quia quo eaque eos animi voluptate.', 'In eum in suscipit ex quasi quia. Aperiam qui et repudiandae quia recusandae non est. Vero ex voluptate omnis deserunt.', 'Bordeaux', 64250494);
INSERT INTO `job_offer` (`id`, `title`, `description`, `city`, `id_company`) VALUES (5910, 'Atque voluptatum exercitationem dignissimos nostrum.', 'Quo eum aut placeat rem. Quo in non qui vel. Doloribus rem voluptas consectetur rerum esse. Quo et nulla ut tempora voluptas impedit.', 'Bordeaux', 494831929);
INSERT INTO `job_offer` (`id`, `title`, `description`, `city`, `id_company`) VALUES (6005, 'Aut quibusdam natus qui fuga eaque doloribus nemo.', 'Adipisci non quis temporibus delectus aut consequatur. Pariatur assumenda nostrum repellendus totam ad. Consectetur est nemo nihil occaecati autem porro totam. Maiores dolores asperiores dignissimos reiciendis saepe labore.', 'Bordeaux', 27605);
INSERT INTO `job_offer` (`id`, `title`, `description`, `city`, `id_company`) VALUES (6641, 'Ipsam voluptates non commodi et cum ut.', 'Molestiae temporibus minus eveniet sed. Iusto laudantium pariatur ut iste. Omnis quas eveniet officia voluptatum. Necessitatibus accusamus accusamus est animi.', 'Bordeaux', 7780151);
INSERT INTO `job_offer` (`id`, `title`, `description`, `city`, `id_company`) VALUES (6665, 'Laborum voluptatem qui adipisci.', 'Quas culpa cupiditate ad aliquid et sequi dignissimos quo. Sint non quam beatae doloribus. Quaerat ut at ut ullam culpa hic consequatur. Ut doloremque sed voluptatem hic dicta. Eveniet est est ut expedita quia.', 'Bordeaux', 230796);
INSERT INTO `job_offer` (`id`, `title`, `description`, `city`, `id_company`) VALUES (7755, 'Impedit earum porro qui sit.', 'Assumenda nisi sit voluptates illum quibusdam. Commodi repudiandae aut consequatur. Natus voluptatibus totam perspiciatis veniam aut mollitia omnis.', 'Bordeaux', 64250494);
INSERT INTO `job_offer` (`id`, `title`, `description`, `city`, `id_company`) VALUES (8089, 'Corporis unde eum vero natus necessitatibus.', 'In aut rerum ut nemo suscipit magni. Id porro cum rerum officiis sed omnis. Aut omnis voluptatum ut porro at. Voluptatem qui quasi temporibus earum vel quam.', 'Bordeaux', 7);
INSERT INTO `job_offer` (`id`, `title`, `description`, `city`, `id_company`) VALUES (8304, 'Magnam dolor ut rem quas.', 'Repellendus laboriosam sequi quos qui. Voluptas molestias ea atque a deleniti. Aliquam quia repellendus nobis perferendis et similique sit inventore. Voluptas sequi enim molestiae cum.', 'Bordeaux', 6318);
INSERT INTO `job_offer` (`id`, `title`, `description`, `city`, `id_company`) VALUES (8556, 'Reiciendis non aspernatur vel temporibus.', 'Id vel voluptatibus eligendi a perspiciatis. Omnis laborum nisi amet laboriosam est.', 'Bordeaux', 6318);
INSERT INTO `job_offer` (`id`, `title`, `description`, `city`, `id_company`) VALUES (8855, 'Cupiditate culpa dolores odit corrupti.', 'Et deleniti debitis ullam illum fugiat atque. At blanditiis quo rerum distinctio dolor. Et ea natus ut rerum laborum. Deserunt eaque mollitia occaecati asperiores sit iure natus.', 'Bordeaux', 142548);
INSERT INTO `job_offer` (`id`, `title`, `description`, `city`, `id_company`) VALUES (8909, 'Debitis eaque voluptatem facere enim voluptas accusantium nam quos.', 'Maxime similique exercitationem esse quibusdam ea qui optio. Voluptates sit voluptas maiores et quibusdam ducimus sit. Consequatur reprehenderit cum nam velit. Quas nostrum eum fuga omnis accusantium cupiditate.', 'Bordeaux', 1);
INSERT INTO `job_offer` (`id`, `title`, `description`, `city`, `id_company`) VALUES (9504, 'Enim tempora odit architecto sit nesciunt.', 'Et repellat cum ut sit aut neque vero. Occaecati beatae rerum quo aut quia. Voluptatem omnis tempora facilis natus delectus. Et omnis qui id mollitia quo rerum molestiae est.', 'Bordeaux', 20);
INSERT INTO `job_offer` (`id`, `title`, `description`, `city`, `id_company`) VALUES (9562, 'Libero voluptatem possimus sit ut quis dicta.', 'Qui ea corporis quia praesentium voluptatem est officiis omnis. Sunt rerum nobis nam officiis accusantium adipisci dolores. Praesentium perferendis optio repudiandae esse.', 'Bordeaux', 27605);
INSERT INTO `job_offer` (`id`, `title`, `description`, `city`, `id_company`) VALUES (16516, 'Repudiandae asperiores sapiente adipisci magnam accusantium consequatur.', 'Ea magni consectetur alias repellendus. Rerum incidunt voluptatem dolores atque quos. Voluptas voluptatibus et labore non.', 'Bordeaux', 57);
INSERT INTO `job_offer` (`id`, `title`, `description`, `city`, `id_company`) VALUES (17010, 'Dolor necessitatibus assumenda error consequatur optio quas.', 'Veritatis illo nemo deleniti nam neque nemo nisi. Aliquam nobis beatae praesentium ipsam accusantium. Aliquid enim eveniet aut ducimus exercitationem.', 'Bordeaux', 38);
INSERT INTO `job_offer` (`id`, `title`, `description`, `city`, `id_company`) VALUES (18317, 'Consequatur laboriosam voluptate molestiae dolores quia officiis.', 'Nihil nam in aut vel quod autem qui. Id tenetur dolore mollitia veritatis qui est. Sit optio officiis est eos. Dolores consequatur incidunt magni nemo ut similique.', 'Bordeaux', 64250494);
INSERT INTO `job_offer` (`id`, `title`, `description`, `city`, `id_company`) VALUES (19015, 'Velit accusamus voluptas rem vitae sed perspiciatis reprehenderit.', 'Illum unde atque culpa soluta. Magni nulla quia velit eius delectus est.', 'Bordeaux', 405);
INSERT INTO `job_offer` (`id`, `title`, `description`, `city`, `id_company`) VALUES (23220, 'Excepturi laboriosam adipisci sit deleniti est et est.', 'Cupiditate dicta tenetur deleniti est atque mollitia. Enim magnam alias voluptatem commodi itaque magnam eveniet. Beatae voluptatem provident illo qui et. Tenetur alias autem cum sint molestiae quam.', 'Bordeaux', 142548);
INSERT INTO `job_offer` (`id`, `title`, `description`, `city`, `id_company`) VALUES (23489, 'Ea blanditiis voluptatem sequi sunt sed et.', 'Quod minus ipsam ut sunt omnis. Quia eveniet quia quae quo culpa quis. Impedit omnis iste libero aut optio explicabo hic repellat.', 'Bordeaux', 57);
INSERT INTO `job_offer` (`id`, `title`, `description`, `city`, `id_company`) VALUES (23785, 'Magnam eligendi quia culpa in.', 'Vero adipisci facilis sit odio ex. Ullam quia officiis consequatur autem impedit. Distinctio animi quisquam iure et commodi. Molestiae expedita odio at dolore.', 'Bordeaux', 142548);
INSERT INTO `job_offer` (`id`, `title`, `description`, `city`, `id_company`) VALUES (24192, 'Autem consequatur sed ut omnis.', 'Id cumque id quis aut id debitis in. Nemo qui natus incidunt reprehenderit laudantium quasi est. Modi mollitia et quia sit. Delectus esse est libero natus laborum.', 'Bordeaux', 1);
INSERT INTO `job_offer` (`id`, `title`, `description`, `city`, `id_company`) VALUES (25939, 'Sint voluptate rerum nam sit voluptates sit.', 'Sequi temporibus dolores nam provident. Animi nam sed maiores porro autem nulla sint ab. Est molestiae impedit assumenda fuga dolorem quis sit magni. Voluptates quo non est nostrum.', 'Bordeaux', 64250494);
INSERT INTO `job_offer` (`id`, `title`, `description`, `city`, `id_company`) VALUES (26288, 'Alias vel ex officia blanditiis excepturi consequuntur at.', 'Natus reprehenderit voluptas libero cupiditate voluptatem. Impedit quia possimus voluptatem aut et maiores. Non voluptatem nemo perspiciatis qui fuga incidunt aperiam.', 'Bordeaux', 0);
INSERT INTO `job_offer` (`id`, `title`, `description`, `city`, `id_company`) VALUES (26429, 'Voluptas eum rerum et illo non.', 'Ipsam perferendis eum sed natus. Unde quia nihil et qui recusandae. Consequatur delectus non esse et dignissimos. Occaecati provident quod non autem maxime.', 'Bordeaux', 1);
INSERT INTO `job_offer` (`id`, `title`, `description`, `city`, `id_company`) VALUES (30781, 'Rem aut est ipsam est est.', 'Animi maiores eaque deserunt. Molestiae molestiae labore ipsum inventore officia sit quisquam. Aut id illum ut.', 'Bordeaux', 57);
INSERT INTO `job_offer` (`id`, `title`, `description`, `city`, `id_company`) VALUES (37008, 'Mollitia tenetur facere voluptas voluptas.', 'Aut repellendus mollitia beatae voluptatem iste et est alias. Inventore vero quia corporis ipsum illum. Dolor quas sed consectetur.', 'Bordeaux', 7780151);
INSERT INTO `job_offer` (`id`, `title`, `description`, `city`, `id_company`) VALUES (39372, 'Illo omnis nesciunt nihil dicta porro et reprehenderit incidunt.', 'Earum soluta porro exercitationem qui. Tempora dolorem quibusdam cum dolores necessitatibus ipsa. Omnis et consequatur maxime voluptas.', 'Bordeaux', 27605);
INSERT INTO `job_offer` (`id`, `title`, `description`, `city`, `id_company`) VALUES (41089, 'Cupiditate recusandae sit et minima quae libero ad.', 'Possimus repudiandae a atque quidem veniam. Asperiores provident atque placeat sint dolorem dolorem maxime architecto. Magnam aut rerum quia autem iure sed ut neque. Et odio odio atque veniam praesentium.', 'Bordeaux', 6318);
INSERT INTO `job_offer` (`id`, `title`, `description`, `city`, `id_company`) VALUES (47777, 'Magnam aut neque vero qui.', 'Sed cum molestias maiores vero repudiandae dolores. Libero sed impedit dolores et animi. Tempora porro eligendi voluptas molestiae in commodi. Nulla eum est alias aliquid inventore iusto id cumque.', 'Bordeaux', 39718403);
INSERT INTO `job_offer` (`id`, `title`, `description`, `city`, `id_company`) VALUES (53255, 'Sed voluptas illum sed perspiciatis molestiae enim.', 'Ipsa ad voluptates sint corrupti nostrum et. Sed voluptatem commodi optio cumque magni dolor veniam. Sint quis nobis et iure ut.', 'Bordeaux', 189);
INSERT INTO `job_offer` (`id`, `title`, `description`, `city`, `id_company`) VALUES (53356, 'Esse culpa ut et odio labore omnis.', 'Dolores quidem non et animi vel mollitia earum. Totam non adipisci occaecati quia iure. Ipsum consequuntur fuga accusantium repudiandae. Laudantium molestiae consequatur at dolor.', 'Bordeaux', 27605);
INSERT INTO `job_offer` (`id`, `title`, `description`, `city`, `id_company`) VALUES (53387, 'Quia voluptas nihil in minus.', 'Dolor sapiente quisquam occaecati. Velit consequuntur impedit similique et exercitationem maiores ut. Ea sint consequatur voluptatem quaerat qui tenetur.', 'Bordeaux', 38);
INSERT INTO `job_offer` (`id`, `title`, `description`, `city`, `id_company`) VALUES (56220, 'Nisi delectus blanditiis deleniti molestiae quam.', 'Voluptatibus laborum voluptatibus fugiat suscipit ut. Expedita perspiciatis occaecati dolor ratione impedit magnam aut. Minus sed saepe nulla qui expedita eos. Id laborum suscipit magnam.', 'Bordeaux', 7);
INSERT INTO `job_offer` (`id`, `title`, `description`, `city`, `id_company`) VALUES (60934, 'Placeat rerum voluptas error facilis doloribus eos.', 'Dolorem perferendis modi et quos impedit officiis et. Laborum et quaerat modi nam. Omnis modi eos adipisci nesciunt aliquid aut. Placeat quis a error temporibus.', 'Bordeaux', 0);
INSERT INTO `job_offer` (`id`, `title`, `description`, `city`, `id_company`) VALUES (65219, 'Tempore ut occaecati deserunt illo.', 'Quasi dignissimos exercitationem eum accusantium. Repellendus velit beatae eos sit veniam et iste. Et libero sit officia totam et.', 'Bordeaux', 189);
INSERT INTO `job_offer` (`id`, `title`, `description`, `city`, `id_company`) VALUES (67918, 'Fugit voluptatem minima veritatis.', 'Ut veritatis adipisci quaerat repellendus sed illo ut. Et distinctio voluptatem et distinctio. Fuga sit id a sed quia corporis deleniti. Consequatur exercitationem aspernatur aut error.', 'Bordeaux', 494831929);
INSERT INTO `job_offer` (`id`, `title`, `description`, `city`, `id_company`) VALUES (74137, 'Eius eligendi earum soluta qui.', 'Minima aliquam ut ratione tenetur voluptatem quae iusto. Magni inventore cupiditate eos ut consequatur nisi.', 'Bordeaux', 547);
INSERT INTO `job_offer` (`id`, `title`, `description`, `city`, `id_company`) VALUES (76920, 'Temporibus at illo earum voluptates.', 'Expedita ipsam itaque velit facere error est incidunt. Ut qui et quasi quia est iusto atque. Provident architecto quo voluptate autem commodi voluptatem fugiat. Ad in vitae odit incidunt odio repellat.', 'Bordeaux', 39718403);
INSERT INTO `job_offer` (`id`, `title`, `description`, `city`, `id_company`) VALUES (78188, 'Iste unde et est expedita quasi voluptatem repellat.', 'Sint esse quia beatae enim laborum eos repellat. Ad in est nulla illo aut numquam. Aut quas illum porro eaque delectus. Consectetur necessitatibus rerum consequatur enim. Voluptas eum iste harum quia rerum.', 'Bordeaux', 0);
INSERT INTO `job_offer` (`id`, `title`, `description`, `city`, `id_company`) VALUES (95049, 'Similique qui nihil rerum non.', 'Tempore hic voluptas quibusdam aliquid temporibus. Facilis tempora odio est perspiciatis autem molestiae quibusdam. Labore nisi aut omnis vel magni sunt officia. Commodi quis quo eligendi vel ea.', 'Bordeaux', 230796);
INSERT INTO `job_offer` (`id`, `title`, `description`, `city`, `id_company`) VALUES (95999, 'Reiciendis eaque ut et deserunt omnis tempore.', 'Sint voluptas perspiciatis repudiandae praesentium illo fuga quaerat. Saepe blanditiis sed quia. Fugit et omnis voluptatibus facere placeat explicabo voluptatum.', 'Bordeaux', 20);
INSERT INTO `job_offer` (`id`, `title`, `description`, `city`, `id_company`) VALUES (99029, 'Est et excepturi consequatur amet ut autem ut.', 'Et aut vel quasi sit minima ipsa ut possimus. Dignissimos delectus dolorem sapiente perferendis quo. Ut eum atque ut veritatis autem sunt atque. Veritatis nihil aut et ut sed.', 'Bordeaux', 57);
INSERT INTO `job_offer` (`id`, `title`, `description`, `city`, `id_company`) VALUES (117312, 'Velit commodi saepe ea suscipit qui dolores sequi saepe.', 'Omnis vitae provident tempore. Rerum at sed ut dolorem atque pariatur ut iste. Voluptatibus error ducimus omnis cupiditate nam sunt error.', 'Bordeaux', 27605);
INSERT INTO `job_offer` (`id`, `title`, `description`, `city`, `id_company`) VALUES (126515, 'Velit harum eos voluptatibus quo.', 'Rem ducimus mollitia ullam quam ut aut. Qui eos omnis expedita. Quia voluptatum est laboriosam.', 'Bordeaux', 0);
INSERT INTO `job_offer` (`id`, `title`, `description`, `city`, `id_company`) VALUES (201997, 'Dolorem qui perspiciatis quo iure odio beatae odio molestiae.', 'Quia et delectus quia sint est non. Impedit earum est accusamus consequatur libero aliquid nisi. Iusto quo itaque minus et quas nisi repudiandae. Eius eius nisi inventore et porro doloremque.', 'Bordeaux', 0);
INSERT INTO `job_offer` (`id`, `title`, `description`, `city`, `id_company`) VALUES (237074, 'Eveniet vel eos et.', 'Corrupti vel est molestias et. Molestias rerum aliquam praesentium non eos ad error. Ut temporibus repellat animi sed. Sapiente dolorem aut officiis.', 'Bordeaux', 6318);
INSERT INTO `job_offer` (`id`, `title`, `description`, `city`, `id_company`) VALUES (294536, 'Neque delectus dolores omnis modi mollitia iste autem veniam.', 'Voluptas eum amet eaque quibusdam quo quae a. Laborum nobis quia nihil iusto voluptas. Et molestiae nihil pariatur ipsum voluptatem iusto reprehenderit. Est dignissimos architecto eum explicabo ex non.', 'Bordeaux', 990184);
INSERT INTO `job_offer` (`id`, `title`, `description`, `city`, `id_company`) VALUES (336113, 'Et et ut cum unde.', 'Natus molestias ut est. Rerum quidem eligendi incidunt quis ab est autem. Illum quaerat non molestiae enim ipsam ullam reiciendis qui. Saepe dolores ad et eos nulla hic autem sed.', 'Bordeaux', 6318);
INSERT INTO `job_offer` (`id`, `title`, `description`, `city`, `id_company`) VALUES (420937, 'Aperiam voluptatibus laboriosam at quae.', 'Eos est non rerum quae mollitia. Quisquam suscipit iure facilis tempora. Aperiam itaque est ipsam.', 'Bordeaux', 57);
INSERT INTO `job_offer` (`id`, `title`, `description`, `city`, `id_company`) VALUES (483631, 'Qui recusandae ducimus eum amet necessitatibus.', 'Optio velit doloribus ut laboriosam delectus ut. Aut quia soluta repellat laborum quia aliquam deserunt. Enim vel aliquid adipisci magnam vel in quam.', 'Bordeaux', 64250494);
INSERT INTO `job_offer` (`id`, `title`, `description`, `city`, `id_company`) VALUES (487846, 'Necessitatibus est est dolores sed numquam vitae molestiae.', 'Sapiente dolorem voluptas corrupti. Dignissimos sunt dicta magnam delectus aut. Exercitationem id veniam exercitationem perspiciatis. Repellendus vitae repellendus saepe et necessitatibus perferendis reprehenderit. Dolor inventore ipsum ut quod ut dolor eligendi.', 'Bordeaux', 990184);
INSERT INTO `job_offer` (`id`, `title`, `description`, `city`, `id_company`) VALUES (514809, 'Nobis perferendis dolores eligendi animi aspernatur molestiae ea iure.', 'Veritatis id sint reprehenderit iusto occaecati. Ipsa iste libero et est excepturi aut mollitia. Quo eaque quis unde libero.', 'Bordeaux', 990184);
INSERT INTO `job_offer` (`id`, `title`, `description`, `city`, `id_company`) VALUES (526224, 'Quis doloribus consequatur ad nisi.', 'Voluptas deleniti ratione itaque officia illum incidunt temporibus. Architecto sit ut laboriosam rem. Unde natus rerum id. Quo fuga et occaecati unde.', 'Bordeaux', 1);
INSERT INTO `job_offer` (`id`, `title`, `description`, `city`, `id_company`) VALUES (589871, 'Blanditiis nostrum est esse suscipit non.', 'Expedita nulla voluptas natus accusantium repudiandae perspiciatis quo. Sapiente perferendis corporis ut est placeat velit dolorem. Excepturi fuga maiores inventore est hic nobis quisquam.', 'Bordeaux', 230796);
INSERT INTO `job_offer` (`id`, `title`, `description`, `city`, `id_company`) VALUES (590389, 'Maiores voluptas exercitationem ipsam et.', 'Asperiores assumenda exercitationem cupiditate corporis iusto corporis dolor nostrum. Dolorem libero reiciendis asperiores suscipit. Occaecati necessitatibus inventore magni quia non accusamus. Provident possimus sed quia facere corrupti dicta laudantium. Eaque quia error quia sit iusto et quas sit.', 'Bordeaux', 990184);
INSERT INTO `job_offer` (`id`, `title`, `description`, `city`, `id_company`) VALUES (631125, 'Debitis pariatur ullam nobis deserunt est assumenda soluta.', 'Aperiam porro in tenetur voluptas facilis. Quam ipsam esse autem aut totam aut aspernatur rerum. Vel reiciendis odio in asperiores. Ullam ut saepe sed voluptatem.', 'Bordeaux', 20);
INSERT INTO `job_offer` (`id`, `title`, `description`, `city`, `id_company`) VALUES (643421, 'Alias deleniti distinctio et ea omnis sunt ipsum.', 'Praesentium reiciendis quae nemo quia est. Et saepe corrupti voluptatem quia omnis sed est.', 'Bordeaux', 6806);
INSERT INTO `job_offer` (`id`, `title`, `description`, `city`, `id_company`) VALUES (649479, 'Totam voluptatem voluptatem quis quisquam quibusdam.', 'Quaerat officiis quidem aliquid cum omnis. Quos voluptas vitae nostrum dolorem quo optio. Temporibus pariatur qui architecto sit commodi nostrum tempora saepe.', 'Bordeaux', 1);
INSERT INTO `job_offer` (`id`, `title`, `description`, `city`, `id_company`) VALUES (658038, 'Alias voluptas dolor dolore sunt culpa.', 'Praesentium at aperiam id. Ullam veritatis unde id quaerat. At ipsum corrupti et est aliquam harum delectus. Aperiam magni unde rerum praesentium et dolor.', 'Bordeaux', 7);
INSERT INTO `job_offer` (`id`, `title`, `description`, `city`, `id_company`) VALUES (688174, 'Ut consequatur eveniet iure recusandae blanditiis perspiciatis ipsam.', 'Ut quas dolor at recusandae porro. Ducimus molestiae nulla asperiores ut aut. Quo dignissimos et dolores omnis qui.', 'Bordeaux', 494831929);
INSERT INTO `job_offer` (`id`, `title`, `description`, `city`, `id_company`) VALUES (701613, 'Tenetur quis libero ut rerum quis nostrum natus voluptate.', 'Sed inventore ex saepe vel incidunt. Et tenetur aut repellendus sed vel beatae. Est excepturi quaerat eos quisquam dolore fugiat.', 'Bordeaux', 38);
INSERT INTO `job_offer` (`id`, `title`, `description`, `city`, `id_company`) VALUES (716140, 'Optio voluptatem aperiam rerum odio nisi qui delectus.', 'Id et praesentium suscipit libero. Qui quia similique id laborum aliquid vero provident. Cum sunt adipisci fugit esse molestiae aliquid facilis consequatur.', 'Bordeaux', 39718403);
INSERT INTO `job_offer` (`id`, `title`, `description`, `city`, `id_company`) VALUES (771522, 'Et explicabo blanditiis autem ut.', 'Qui eligendi est libero sed porro. In est eius cupiditate excepturi odit. Omnis aut iusto accusantium omnis aperiam eius omnis. Quam fugiat eaque rerum incidunt inventore.', 'Bordeaux', 39718403);
INSERT INTO `job_offer` (`id`, `title`, `description`, `city`, `id_company`) VALUES (773564, 'Et sed dicta hic asperiores exercitationem omnis ipsam aut.', 'Illo nihil officiis quam necessitatibus dolorum veritatis quisquam doloribus. Ipsum rem deleniti et nihil voluptas ut voluptatem. Asperiores sunt aliquid distinctio consequatur.', 'Bordeaux', 27605);
INSERT INTO `job_offer` (`id`, `title`, `description`, `city`, `id_company`) VALUES (824737, 'Ut nulla sunt quibusdam id consequuntur aut.', 'Voluptas et ducimus ipsa velit. At voluptates qui laboriosam sed veniam. Et dolor possimus dolorum atque quam vero. Architecto repellendus aut rerum.', 'Bordeaux', 27605);
INSERT INTO `job_offer` (`id`, `title`, `description`, `city`, `id_company`) VALUES (866348, 'Voluptatem numquam eum qui incidunt beatae et.', 'Autem repellendus aliquam labore doloribus necessitatibus doloremque aliquid. Aut culpa rerum cum possimus. Quis impedit aut ullam labore cupiditate et. Id labore voluptas qui ut sit est.', 'Bordeaux', 64250494);
INSERT INTO `job_offer` (`id`, `title`, `description`, `city`, `id_company`) VALUES (941702, 'Sed eos nihil rerum quisquam consequatur aut aut.', 'Sit corrupti impedit et ducimus inventore corrupti. Ratione accusamus quis non et et earum expedita. Sapiente exercitationem iure nulla a ratione necessitatibus deserunt. Autem corrupti quidem ipsum tempore.', 'Bordeaux', 27605);
INSERT INTO `job_offer` (`id`, `title`, `description`, `city`, `id_company`) VALUES (966851, 'Voluptate dignissimos asperiores consequatur nisi eum modi voluptatibus id.', 'Qui veritatis assumenda ea at eum. Placeat doloremque molestias similique mollitia assumenda voluptatem quis voluptatem. Rerum sed labore error odit. Dolorum architecto sit quo beatae molestias veritatis.', 'Bordeaux', 547);
INSERT INTO `job_offer` (`id`, `title`, `description`, `city`, `id_company`) VALUES (977368, 'Ipsam adipisci delectus aut perspiciatis aut ut repellat.', 'Nemo enim nihil enim dolorum assumenda. Sequi iste ut labore debitis quas repudiandae dolores. Voluptatem quo dolorum reprehenderit adipisci dolorem et hic.', 'Bordeaux', 189);
INSERT INTO `job_offer` (`id`, `title`, `description`, `city`, `id_company`) VALUES (2026132, 'Sed adipisci unde molestiae sit ullam delectus mollitia.', 'Omnis est cumque earum est fugiat quisquam. Quis quia dolores aspernatur. Omnis ad deserunt iste necessitatibus et placeat ducimus.', 'Bordeaux', 27605);
INSERT INTO `job_offer` (`id`, `title`, `description`, `city`, `id_company`) VALUES (2047695, 'Qui cupiditate reiciendis dolores at deleniti consequuntur quod.', 'Quis consequatur voluptates quod aliquid amet quidem. Ea itaque ipsam ea aliquid atque consequatur. Aliquam laudantium consequatur dolorum esse. Quis voluptas eligendi qui.', 'Bordeaux', 189);
INSERT INTO `job_offer` (`id`, `title`, `description`, `city`, `id_company`) VALUES (2209310, 'Repudiandae vel sapiente sit veritatis deleniti impedit asperiores.', 'Et possimus est id magni sequi itaque. Odit consequatur esse autem voluptatibus itaque asperiores libero. Quia aut quae voluptatem fuga quam.', 'Bordeaux', 230796);
INSERT INTO `job_offer` (`id`, `title`, `description`, `city`, `id_company`) VALUES (2461777, 'Id accusamus et in accusamus.', 'Doloremque dicta beatae officia alias quia consequuntur. Dolorum laboriosam in sed voluptatem quasi aspernatur et saepe. Temporibus quibusdam consectetur sint in fuga et eum. Accusamus voluptatem error quibusdam ullam necessitatibus.', 'Bordeaux', 189);
INSERT INTO `job_offer` (`id`, `title`, `description`, `city`, `id_company`) VALUES (2797890, 'Natus eius veritatis corporis in eaque.', 'Ut in numquam ut ad amet quidem qui quis. Aut adipisci quaerat nam velit. Voluptatem accusantium sit voluptatem dolore voluptatem fuga. Iusto fugiat quia in dolore sunt.', 'Bordeaux', 142548);
INSERT INTO `job_offer` (`id`, `title`, `description`, `city`, `id_company`) VALUES (3885690, 'Non nisi eos id expedita inventore architecto.', 'Possimus eos libero adipisci nam excepturi. Distinctio aut ut doloremque expedita libero est sit earum. Facere ut voluptatem repellendus modi voluptas quam sed. Necessitatibus consequatur sed consequatur consequuntur doloribus.', 'Bordeaux', 547);
INSERT INTO `job_offer` (`id`, `title`, `description`, `city`, `id_company`) VALUES (3900025, 'Officia rerum eos adipisci qui eos nostrum tempora.', 'Aut dolorem at sint consequatur. Quia iusto odit nisi ex. Quia adipisci quibusdam ut sunt delectus odit.', 'Bordeaux', 142548);
INSERT INTO `job_offer` (`id`, `title`, `description`, `city`, `id_company`) VALUES (4155431, 'Quia quo voluptatem adipisci aperiam quia.', 'Itaque maiores quis aut dolor culpa qui. Dolorem et ea at. Sit iste natus voluptatem sit in iure. Quia est explicabo repellat qui dolorem aliquid.', 'Bordeaux', 64250494);
INSERT INTO `job_offer` (`id`, `title`, `description`, `city`, `id_company`) VALUES (4634746, 'Aut reprehenderit ut odit dolore exercitationem.', 'Ab quaerat quia ex officiis libero. Velit est magnam laudantium dolor perspiciatis eligendi. Deleniti natus repudiandae in porro et itaque voluptatem.', 'Bordeaux', 75382817);
INSERT INTO `job_offer` (`id`, `title`, `description`, `city`, `id_company`) VALUES (4697022, 'Dolore nesciunt consequatur accusamus tenetur corporis tempore modi.', 'Modi est doloribus et cumque. Consequuntur minus nam repudiandae tenetur maxime sint. Eligendi et et qui est corporis fugiat eum. In nihil omnis qui voluptatibus hic et qui.', 'Bordeaux', 0);
INSERT INTO `job_offer` (`id`, `title`, `description`, `city`, `id_company`) VALUES (4903123, 'Cumque ipsa eaque laboriosam est eum minima omnis.', 'Nihil harum fugit enim asperiores rerum fuga est. Velit eos vero fugit adipisci. Dolorem ipsa qui rem consequuntur et.', 'Bordeaux', 7780151);
INSERT INTO `job_offer` (`id`, `title`, `description`, `city`, `id_company`) VALUES (5431006, 'Rerum maxime et mollitia amet.', 'Deserunt quasi recusandae totam et doloremque officia est. Quia quas quis hic et. Totam et voluptatem aliquid repellendus. Minima fugit libero a sapiente. Hic eum aut quo est.', 'Bordeaux', 189);
INSERT INTO `job_offer` (`id`, `title`, `description`, `city`, `id_company`) VALUES (5821250, 'Praesentium vero omnis corporis.', 'Quo sapiente eos optio odit excepturi sit consectetur. Officiis molestiae aspernatur est dolorem ex voluptate. Aut qui maxime rerum id qui molestiae. Similique qui ad qui omnis inventore labore.', 'Bordeaux', 64250494);
INSERT INTO `job_offer` (`id`, `title`, `description`, `city`, `id_company`) VALUES (5893998, 'Molestiae consequatur et fugit velit corrupti.', 'Vitae ut earum aut commodi id. Voluptas optio nisi quisquam aut voluptatem facere earum. Ducimus nihil velit quas et et illum deleniti. Cupiditate dolores nihil dolorem facilis.', 'Bordeaux', 6806);
INSERT INTO `job_offer` (`id`, `title`, `description`, `city`, `id_company`) VALUES (6033848, 'Sunt sequi magni dolor rerum assumenda.', 'Nulla dolor et eaque veniam animi voluptas tempora. Quisquam et veniam dolor in. Blanditiis qui quia velit sed cum ut. Iure incidunt libero rerum commodi provident et corrupti.', 'Bordeaux', 547);
INSERT INTO `job_offer` (`id`, `title`, `description`, `city`, `id_company`) VALUES (6994646, 'Est quod officiis aperiam provident quis reiciendis quasi non.', 'Et dolor exercitationem atque praesentium modi placeat voluptas dolor. Velit ea dolorum in laborum. Sed et perferendis laborum et dignissimos numquam expedita id. Quis a beatae et rem reiciendis molestiae quas adipisci.', 'Bordeaux', 75382817);
INSERT INTO `job_offer` (`id`, `title`, `description`, `city`, `id_company`) VALUES (7272927, 'Laborum rerum quas quas vero corporis impedit.', 'Suscipit id qui aut cum. Ut distinctio sint at alias id accusantium possimus. Ducimus consequuntur voluptas sed fugit molestiae et omnis veniam. Quas facere perspiciatis soluta molestiae.', 'Bordeaux', 990184);
INSERT INTO `job_offer` (`id`, `title`, `description`, `city`, `id_company`) VALUES (7345883, 'Omnis ratione voluptates magni architecto eveniet omnis consequatur.', 'Tempora non dolorem nisi at pariatur molestiae. Optio eaque ipsam tempora voluptatem. Facilis vero sit et fuga nulla repellendus et. Non itaque ut accusamus est.', 'Bordeaux', 38);
INSERT INTO `job_offer` (`id`, `title`, `description`, `city`, `id_company`) VALUES (7593447, 'Ut quam cum culpa labore et.', 'Sit dolor non doloremque commodi autem velit fugit aut. Eligendi culpa nobis illo ratione totam incidunt. Perspiciatis at inventore ipsum qui.', 'Bordeaux', 6806);
INSERT INTO `job_offer` (`id`, `title`, `description`, `city`, `id_company`) VALUES (7816839, 'Enim earum doloremque saepe est ab reprehenderit.', 'Facilis quia maxime sit reiciendis. Nihil ut exercitationem ipsum et deserunt sed illum. Commodi rerum sunt veritatis exercitationem itaque. Omnis pariatur molestiae qui voluptatibus.', 'Bordeaux', 547);
INSERT INTO `job_offer` (`id`, `title`, `description`, `city`, `id_company`) VALUES (8708969, 'Ut incidunt velit aliquid doloremque.', 'Officia ullam accusantium fugit dolorem unde aut reprehenderit. Esse aliquid ut neque quam exercitationem commodi doloribus sapiente. Nobis qui ut sed voluptas ullam quisquam officiis soluta. Et voluptatum dolorem magnam. Tempore repellendus blanditiis doloremque quia exercitationem sunt.', 'Bordeaux', 6806);
INSERT INTO `job_offer` (`id`, `title`, `description`, `city`, `id_company`) VALUES (9078899, 'Repellat corporis dolorem et.', 'Non nesciunt repellat ullam sapiente. Recusandae excepturi praesentium odio adipisci enim est quibusdam. Odit rerum odio qui quibusdam minima. Id esse sit esse omnis nostrum dolor et.', 'Bordeaux', 6318);
INSERT INTO `job_offer` (`id`, `title`, `description`, `city`, `id_company`) VALUES (9265585, 'Autem assumenda nihil animi voluptatem vel earum eos.', 'Eligendi dolores adipisci accusantium rerum. Sit perferendis quam id quis ut nobis. Quaerat enim debitis omnis ut perspiciatis accusamus.', 'Bordeaux', 64250494);
INSERT INTO `job_offer` (`id`, `title`, `description`, `city`, `id_company`) VALUES (9329677, 'Sit quas facilis et tenetur.', 'Beatae porro non aut sapiente rerum in. Temporibus voluptates deleniti ad sed unde.', 'Bordeaux', 39718403);
INSERT INTO `job_offer` (`id`, `title`, `description`, `city`, `id_company`) VALUES (9571058, 'Numquam possimus qui sed delectus.', 'Esse enim necessitatibus dignissimos qui. Mollitia repellat aperiam enim debitis. Porro voluptate vel qui. Itaque sed omnis eum iure numquam.', 'Bordeaux', 405);
INSERT INTO `job_offer` (`id`, `title`, `description`, `city`, `id_company`) VALUES (9598206, 'Dolorem possimus totam quaerat ut et.', 'Recusandae error debitis soluta et nihil et iusto dolorum. Rerum delectus ullam distinctio. Asperiores est eos et sed quam.', 'Bordeaux', 57);
INSERT INTO `job_offer` (`id`, `title`, `description`, `city`, `id_company`) VALUES (9719975, 'Et error minima facere.', 'Omnis distinctio repellat in nemo assumenda veritatis. Necessitatibus error dolor maxime est dolor. Tenetur neque odit molestias aspernatur. Maxime totam quia nam quia debitis.', 'Bordeaux', 7780151);
INSERT INTO `job_offer` (`id`, `title`, `description`, `city`, `id_company`) VALUES (9890490, 'Doloremque eos dolorem ut doloremque repellendus.', 'Ipsum nulla alias quibusdam et voluptas dolores totam. Natus id dolorem expedita optio et. Quos molestiae et quis qui dolores quia. Doloribus eligendi totam quidem quos libero sunt.', 'Bordeaux', 20);
INSERT INTO `job_offer` (`id`, `title`, `description`, `city`, `id_company`) VALUES (10157265, 'Necessitatibus similique sit voluptas unde est.', 'Iusto in et illo quasi. Blanditiis iusto eum doloribus ullam error accusantium deleniti. Maxime magni eveniet ut ducimus. Et aut eum in aliquam.', 'Bordeaux', 547);
INSERT INTO `job_offer` (`id`, `title`, `description`, `city`, `id_company`) VALUES (10435343, 'Non molestiae omnis consequatur tempora aliquid aut atque.', 'Aliquid aut non et ut soluta blanditiis perspiciatis. Dolor magni consequatur temporibus velit dolorem soluta.', 'Bordeaux', 6318);
INSERT INTO `job_offer` (`id`, `title`, `description`, `city`, `id_company`) VALUES (11500899, 'Doloribus debitis sed in in alias officia debitis.', 'Porro quis et perspiciatis et officia assumenda quas. Est ipsum nam aut sint nobis aspernatur aut. Maiores perspiciatis et placeat incidunt. Et eos inventore rerum quasi.', 'Bordeaux', 990184);
INSERT INTO `job_offer` (`id`, `title`, `description`, `city`, `id_company`) VALUES (14100117, 'Qui velit id cupiditate numquam aut eaque rerum.', 'Et tempora consequuntur reiciendis vel provident accusantium. Facilis impedit maxime pariatur ut repellendus. Aut cum cum est consequuntur ipsum. In expedita voluptatem nisi voluptatem nobis beatae.', 'Bordeaux', 0);
INSERT INTO `job_offer` (`id`, `title`, `description`, `city`, `id_company`) VALUES (18809906, 'Est natus maiores fuga omnis impedit.', 'Blanditiis aut dolorem officiis vel laborum. Facere quisquam aliquam sed placeat in. Aut aut dolor provident dicta omnis. Quae magni eum necessitatibus aut tempora explicabo aut et.', 'Bordeaux', 494831929);
INSERT INTO `job_offer` (`id`, `title`, `description`, `city`, `id_company`) VALUES (31683838, 'Earum tempora quis dolorum qui.', 'A ratione corrupti impedit voluptatem dolorem. Vitae amet sed cumque. Occaecati ea modi minus ut id. Itaque sapiente qui rem libero rerum.', 'Bordeaux', 57);
INSERT INTO `job_offer` (`id`, `title`, `description`, `city`, `id_company`) VALUES (37236077, 'Tempora neque dolorem mollitia corporis tenetur amet.', 'Quia dolores nihil libero optio provident. Quasi sapiente eius doloremque. Tenetur voluptatibus minus placeat nesciunt ea aut. Soluta aut adipisci modi repellat ab.', 'Bordeaux', 230796);
INSERT INTO `job_offer` (`id`, `title`, `description`, `city`, `id_company`) VALUES (38436459, 'Reiciendis ipsam aperiam animi tempora magni fugiat.', 'Dolores non omnis delectus unde non veritatis et provident. Quisquam illo quisquam optio libero sunt. Dolore dolorem harum laborum quis animi neque quibusdam.', 'Bordeaux', 7780151);
INSERT INTO `job_offer` (`id`, `title`, `description`, `city`, `id_company`) VALUES (45588555, 'Eos qui nemo quas ut officiis et.', 'Quo tenetur esse similique molestias earum porro sunt. Qui praesentium perspiciatis distinctio illum quisquam. Assumenda ut beatae facere molestias consequuntur suscipit facere quis.', 'Bordeaux', 7780151);
INSERT INTO `job_offer` (`id`, `title`, `description`, `city`, `id_company`) VALUES (46799042, 'Temporibus nesciunt sunt eum molestias omnis.', 'Dolorem illo deserunt officia ut repudiandae. Harum nobis ab repudiandae rerum quaerat blanditiis nam. Maxime voluptate officia unde facilis autem. Iusto nam quia sit in qui ea quis.', 'Bordeaux', 39718403);
INSERT INTO `job_offer` (`id`, `title`, `description`, `city`, `id_company`) VALUES (53342644, 'Aut accusantium ipsum omnis voluptas autem et qui.', 'Qui dignissimos ducimus in mollitia. Praesentium praesentium assumenda deleniti est. Alias voluptatem enim non laboriosam consequatur quisquam velit. Minus et quis quas autem voluptatem.', 'Bordeaux', 230796);
INSERT INTO `job_offer` (`id`, `title`, `description`, `city`, `id_company`) VALUES (55692695, 'Saepe sint sit fuga repudiandae nesciunt.', 'Et optio soluta quibusdam earum. Ut alias velit sequi consequatur omnis inventore unde. Quo et repudiandae sapiente asperiores quo aut praesentium omnis. Quasi molestias expedita accusamus repellat consequatur.', 'Bordeaux', 1);
INSERT INTO `job_offer` (`id`, `title`, `description`, `city`, `id_company`) VALUES (57804312, 'Aspernatur sint laborum temporibus error.', 'Quibusdam dolores consequuntur rerum a autem quidem. Soluta sit aut ut sint sit blanditiis vel voluptatem. Eum explicabo debitis soluta et nulla alias veniam.', 'Bordeaux', 75382817);
INSERT INTO `job_offer` (`id`, `title`, `description`, `city`, `id_company`) VALUES (59885215, 'Consequatur sit earum aspernatur alias.', 'Maiores qui nihil beatae. Consequuntur a consequatur totam eius consectetur. Ipsum nesciunt sapiente nostrum magni. Rerum ullam culpa nihil fugit modi ipsa.', 'Bordeaux', 7);
INSERT INTO `job_offer` (`id`, `title`, `description`, `city`, `id_company`) VALUES (60264647, 'Sunt aliquam eaque quis porro velit.', 'Laudantium dolore beatae delectus beatae dolorem. Corporis omnis consequuntur explicabo provident officia qui consequatur. Dolore rerum hic id facere perspiciatis. Eligendi exercitationem ea velit neque voluptas. Veritatis quas voluptates eos quaerat eos impedit ut.', 'Bordeaux', 6806);
INSERT INTO `job_offer` (`id`, `title`, `description`, `city`, `id_company`) VALUES (62126666, 'Voluptas doloribus adipisci officiis quam sit.', 'Eos qui delectus distinctio culpa. Qui a eum vero voluptas incidunt. Eligendi et adipisci repellendus ut iste labore. Asperiores quasi animi eum eos.', 'Bordeaux', 494831929);
INSERT INTO `job_offer` (`id`, `title`, `description`, `city`, `id_company`) VALUES (65198767, 'Reiciendis doloribus animi non.', 'Qui laboriosam iste vero quam soluta velit eaque. Adipisci minus debitis blanditiis sint architecto perspiciatis molestiae dolorum. Inventore facilis placeat vitae officiis quia. Suscipit eaque minima ducimus distinctio debitis velit.', 'Bordeaux', 1);
INSERT INTO `job_offer` (`id`, `title`, `description`, `city`, `id_company`) VALUES (70747229, 'Voluptas consequatur explicabo est eius dignissimos illo.', 'Et saepe eaque quae delectus doloremque voluptates quae. Vero expedita corporis et voluptatem. Nisi id culpa ut numquam. Adipisci asperiores impedit repellendus saepe corrupti.', 'Bordeaux', 405);
INSERT INTO `job_offer` (`id`, `title`, `description`, `city`, `id_company`) VALUES (73904592, 'Omnis facilis natus quis quas modi voluptas voluptatum placeat.', 'Ut temporibus impedit laudantium accusantium numquam repudiandae est. Eaque non quis suscipit occaecati excepturi non quod reiciendis.', 'Bordeaux', 57);
INSERT INTO `job_offer` (`id`, `title`, `description`, `city`, `id_company`) VALUES (77040727, 'Sunt cum animi quibusdam iusto et.', 'Sed repudiandae minima autem voluptatibus ducimus. Maxime ipsum perferendis quibusdam itaque vel possimus. Earum dolor illum sit.', 'Bordeaux', 6318);
INSERT INTO `job_offer` (`id`, `title`, `description`, `city`, `id_company`) VALUES (77789176, 'Sed dolorum ut et molestias adipisci quos et.', 'Porro animi voluptatem eaque commodi magnam et. Est dicta eum repellendus possimus. Dolorum doloremque corrupti voluptatem assumenda aperiam ullam. Quaerat perferendis et maiores est dicta voluptatibus et ad.', 'Bordeaux', 75382817);
INSERT INTO `job_offer` (`id`, `title`, `description`, `city`, `id_company`) VALUES (87321940, 'Vel voluptas sed expedita aspernatur temporibus dolore qui.', 'Et voluptatem aut magni non deserunt corrupti accusamus. Harum tempore illum eius saepe praesentium commodi. Ut blanditiis qui animi est.', 'Bordeaux', 189);
INSERT INTO `job_offer` (`id`, `title`, `description`, `city`, `id_company`) VALUES (88222224, 'Facilis et molestias reiciendis quaerat temporibus rem sapiente.', 'Ut molestias tenetur nobis autem. Deleniti corporis explicabo et sint quis tempora voluptatum est. Est quia cumque officia veritatis vitae et corporis. Optio sint corrupti dolore deserunt quam. Non harum exercitationem eum neque eum.', 'Bordeaux', 7780151);
INSERT INTO `job_offer` (`id`, `title`, `description`, `city`, `id_company`) VALUES (92359489, 'Velit culpa necessitatibus voluptate optio.', 'Delectus nam et magni rem voluptates temporibus rem. Ipsum impedit praesentium qui nostrum. Odio beatae in ab adipisci ratione deleniti asperiores.', 'Bordeaux', 230796);
INSERT INTO `job_offer` (`id`, `title`, `description`, `city`, `id_company`) VALUES (125426766, 'Et rem incidunt nisi facilis voluptatem expedita.', 'Dolorem dolor perferendis dolorum perferendis sint. Ut labore sit aut. At voluptas ipsum vel et aut qui. Qui unde illo vero rem necessitatibus.', 'Bordeaux', 7);
INSERT INTO `job_offer` (`id`, `title`, `description`, `city`, `id_company`) VALUES (129003698, 'Autem accusamus ut omnis nihil.', 'Maxime possimus autem minima nisi vero sequi. Dolorem ut est vel temporibus quas voluptate ut suscipit.', 'Bordeaux', 6806);
INSERT INTO `job_offer` (`id`, `title`, `description`, `city`, `id_company`) VALUES (146757650, 'Voluptatem quam deleniti minus at laudantium incidunt.', 'Assumenda quis temporibus itaque cum ea. Molestias aut tempore ad error incidunt. Qui aperiam doloribus in. Quam voluptas laborum sed ut. Fuga voluptates incidunt nulla consequuntur.', 'Bordeaux', 20);
INSERT INTO `job_offer` (`id`, `title`, `description`, `city`, `id_company`) VALUES (249847621, 'Id vel unde deserunt suscipit tempora vitae.', 'Vero cumque dolorem et repellat iste non sint. Illo hic tempore atque dolor ad quia. Ut dolores esse dolores aperiam. Iste qui et occaecati error.', 'Bordeaux', 7780151);
INSERT INTO `job_offer` (`id`, `title`, `description`, `city`, `id_company`) VALUES (256373148, 'Veritatis ut culpa sit quia id soluta.', 'Suscipit tenetur voluptas natus eveniet accusamus. Consequuntur illo quis ad eos laborum laboriosam. Suscipit at est ut repudiandae dolores necessitatibus rerum architecto. Exercitationem non ea blanditiis unde.', 'Bordeaux', 990184);
INSERT INTO `job_offer` (`id`, `title`, `description`, `city`, `id_company`) VALUES (267984121, 'Est aut ut qui soluta ut quia quidem.', 'Sit hic ex et facere vitae unde aspernatur. Et aliquid sint tenetur voluptatibus est veniam molestiae. Pariatur eos asperiores itaque delectus est. Laborum voluptatem ea itaque qui est.', 'Bordeaux', 405);
INSERT INTO `job_offer` (`id`, `title`, `description`, `city`, `id_company`) VALUES (285897222, 'Aut dolor consequatur qui quod est in sunt.', 'Rerum voluptas eligendi est tenetur. Magnam sequi similique voluptatem eveniet eius molestiae. Impedit et inventore repudiandae fugiat et dignissimos.', 'Bordeaux', 142548);
INSERT INTO `job_offer` (`id`, `title`, `description`, `city`, `id_company`) VALUES (301755151, 'Quam soluta esse laboriosam voluptatem quibusdam corporis quisquam.', 'Facere laborum esse quibusdam corrupti accusantium. Fuga voluptatem odio amet temporibus officiis occaecati. Illo autem qui maxime nostrum saepe adipisci possimus. Rerum assumenda culpa et perspiciatis dolorem est ad.', 'Bordeaux', 6318);
INSERT INTO `job_offer` (`id`, `title`, `description`, `city`, `id_company`) VALUES (338421851, 'Quam similique excepturi doloribus voluptatem saepe.', 'Libero dolore ut ut voluptates maxime non. Et sapiente expedita molestiae eaque eius perferendis. In facilis aut aut unde totam hic. Consectetur cupiditate neque nulla expedita ratione illum eius consequuntur.', 'Bordeaux', 494831929);
INSERT INTO `job_offer` (`id`, `title`, `description`, `city`, `id_company`) VALUES (365589055, 'Saepe sit sequi deserunt.', 'Enim eveniet quam quam magni. Iste itaque laudantium saepe voluptatem quia. Aut illum rerum voluptatum veniam sunt officia.', 'Bordeaux', 0);
INSERT INTO `job_offer` (`id`, `title`, `description`, `city`, `id_company`) VALUES (427680765, 'Temporibus quasi excepturi possimus cum.', 'Occaecati ut qui ut distinctio omnis. Est iusto et qui distinctio officiis incidunt fugit. Dolores dolore adipisci harum. Hic totam pariatur quos nisi magnam quas.', 'Bordeaux', 38);
INSERT INTO `job_offer` (`id`, `title`, `description`, `city`, `id_company`) VALUES (428433592, 'Id quibusdam voluptates nulla maiores.', 'Adipisci ipsum porro vel officiis eum. Tempore aliquam in saepe accusamus. Nobis eaque numquam et sit molestias voluptatem rerum. Perferendis voluptatum et reprehenderit unde alias architecto aspernatur excepturi. Aliquam sed ab expedita minus.', 'Bordeaux', 38);
INSERT INTO `job_offer` (`id`, `title`, `description`, `city`, `id_company`) VALUES (494866525, 'Magnam corporis eius quod dolorem rerum.', 'Omnis at deserunt velit eum porro exercitationem ea. Perferendis ut quas aperiam molestiae nisi blanditiis fuga. Est esse amet possimus atque a voluptatem saepe sed.', 'Bordeaux', 57);
INSERT INTO `job_offer` (`id`, `title`, `description`, `city`, `id_company`) VALUES (511844147, 'Nam aut laborum est et.', 'Enim veniam nostrum dicta deleniti ut excepturi. Dolore sunt voluptatem numquam repudiandae officiis non iusto. Dolores dolorum quia enim eius aut alias nam.', 'Bordeaux', 64250494);
INSERT INTO `job_offer` (`id`, `title`, `description`, `city`, `id_company`) VALUES (553584222, 'Sed nihil veritatis et.', 'Adipisci adipisci quis rem quidem reprehenderit sunt consectetur. Laudantium ut qui rerum ad dignissimos inventore.', 'Bordeaux', 494831929);
INSERT INTO `job_offer` (`id`, `title`, `description`, `city`, `id_company`) VALUES (638446068, 'Accusantium dolorem molestiae qui illum iste eum est inventore.', 'Eum a consequatur ea illo ad eveniet. Ea illo ipsa ea. Dolores qui sed nam voluptas eos ut.', 'Bordeaux', 547);
INSERT INTO `job_offer` (`id`, `title`, `description`, `city`, `id_company`) VALUES (639145188, 'Quia et in omnis quod.', 'Incidunt quam sed amet. Itaque assumenda neque quis beatae non sed.', 'Bordeaux', 38);
INSERT INTO `job_offer` (`id`, `title`, `description`, `city`, `id_company`) VALUES (703207057, 'Exercitationem iure illum ullam magni nobis.', 'Iure architecto temporibus pariatur veritatis. Veritatis voluptatem hic saepe amet. Repudiandae dolorem fuga et maxime ab sit. Tempore molestiae occaecati sit rem ut accusamus. Et id ex ut et.', 'Bordeaux', 0);
INSERT INTO `job_offer` (`id`, `title`, `description`, `city`, `id_company`) VALUES (710509836, 'Mollitia tenetur eius autem.', 'Vel laudantium repellendus aut omnis eius facere molestiae omnis. Velit laudantium ut dolorem iure nihil neque quas.', 'Bordeaux', 1);
INSERT INTO `job_offer` (`id`, `title`, `description`, `city`, `id_company`) VALUES (770404032, 'Asperiores rerum maiores labore libero repellendus.', 'Porro a quibusdam ipsam nostrum delectus amet non. Explicabo rerum sint sunt. Asperiores eos aut est porro et provident. Accusamus omnis doloremque vel laboriosam itaque exercitationem.', 'Bordeaux', 7780151);
INSERT INTO `job_offer` (`id`, `title`, `description`, `city`, `id_company`) VALUES (806192211, 'Distinctio sunt consequatur ex voluptas tempora quo.', 'Molestias dolor nihil dolor et veritatis quam. Quo quis rem ea. A quas a neque incidunt occaecati. Repudiandae laborum qui dignissimos distinctio.', 'Bordeaux', 20);
INSERT INTO `job_offer` (`id`, `title`, `description`, `city`, `id_company`) VALUES (845261047, 'Deleniti rem magnam laboriosam quaerat esse maiores aspernatur.', 'Harum autem illo doloremque vel expedita ipsa. Voluptate deserunt qui dicta quibusdam laborum aspernatur. Et placeat laborum asperiores asperiores.', 'Bordeaux', 39718403);
INSERT INTO `job_offer` (`id`, `title`, `description`, `city`, `id_company`) VALUES (878068403, 'Consequatur neque voluptatem quia possimus iure.', 'Magnam sit laborum eius deleniti dolor voluptatem vero. Dolorem ipsum nostrum consequatur ipsam sint magni. Est aut repellat ut cum dignissimos fuga voluptatem.', 'Bordeaux', 6806);
INSERT INTO `job_offer` (`id`, `title`, `description`, `city`, `id_company`) VALUES (915782882, 'Voluptas porro quos non unde.', 'Et itaque delectus eos saepe rem eius aspernatur autem. Quam similique esse sed eius eligendi ut consequatur. Ipsum non deleniti expedita libero labore magnam. Facere natus sapiente esse rem qui aut.', 'Bordeaux', 7780151);
INSERT INTO `job_offer` (`id`, `title`, `description`, `city`, `id_company`) VALUES (991749202, 'Praesentium voluptas eveniet perspiciatis hic quod temporibus rem.', 'Dolore tempora qui consequatur et velit fugit libero voluptates. Quas est dolorum blanditiis debitis voluptatem porro. Amet dolores temporibus neque inventore sunt dolores in. Voluptatibus voluptas occaecati ipsam consectetur odio.', 'Bordeaux', 38);
INSERT INTO `recruiter` (`id`, `id_account`, `id_company`) VALUES (0, 14, 405);
INSERT INTO `recruiter` (`id`, `id_account`, `id_company`) VALUES (1, 77, 0);
INSERT INTO `recruiter` (`id`, `id_account`, `id_company`) VALUES (5, 2, 7);
INSERT INTO `recruiter` (`id`, `id_account`, `id_company`) VALUES (18, 16, 547);
INSERT INTO `recruiter` (`id`, `id_account`, `id_company`) VALUES (55, 62, 75382817);
INSERT INTO `recruiter` (`id`, `id_account`, `id_company`) VALUES (66, 512, 405);
INSERT INTO `recruiter` (`id`, `id_account`, `id_company`) VALUES (110, 756, 547);
INSERT INTO `recruiter` (`id`, `id_account`, `id_company`) VALUES (442, 60, 64250494);
INSERT INTO `recruiter` (`id`, `id_account`, `id_company`) VALUES (729, 24, 27605);
INSERT INTO `recruiter` (`id`, `id_account`, `id_company`) VALUES (811, 308, 57);
INSERT INTO `recruiter` (`id`, `id_account`, `id_company`) VALUES (885, 54, 7780151);
INSERT INTO `recruiter` (`id`, `id_account`, `id_company`) VALUES (949, 66, 494831929);
INSERT INTO `recruiter` (`id`, `id_account`, `id_company`) VALUES (20746, 134, 7);
INSERT INTO `recruiter` (`id`, `id_account`, `id_company`) VALUES (48998, 35, 142548);
INSERT INTO `recruiter` (`id`, `id_account`, `id_company`) VALUES (98696, 8, 57);
INSERT INTO `recruiter` (`id`, `id_account`, `id_company`) VALUES (377090, 21, 6318);
INSERT INTO `recruiter` (`id`, `id_account`, `id_company`) VALUES (454900, 840, 6318);
INSERT INTO `recruiter` (`id`, `id_account`, `id_company`) VALUES (625495, 1, 1);
INSERT INTO `recruiter` (`id`, `id_account`, `id_company`) VALUES (1028359, 44, 230796);
INSERT INTO `recruiter` (`id`, `id_account`, `id_company`) VALUES (1794996, 6, 20);
INSERT INTO `recruiter` (`id`, `id_account`, `id_company`) VALUES (1911864, 239, 38);
INSERT INTO `recruiter` (`id`, `id_account`, `id_company`) VALUES (40569735, 55, 39718403);
INSERT INTO `recruiter` (`id`, `id_account`, `id_company`) VALUES (62685228, 7, 38);
INSERT INTO `recruiter` (`id`, `id_account`, `id_company`) VALUES (72723488, 0, 0);
INSERT INTO `recruiter` (`id`, `id_account`, `id_company`) VALUES (79593549, 52, 990184);
INSERT INTO `recruiter` (`id`, `id_account`, `id_company`) VALUES (327300733, 22, 6806);
INSERT INTO `recruiter` (`id`, `id_account`, `id_company`) VALUES (329674691, 9, 189);
INSERT INTO `recruiter` (`id`, `id_account`, `id_company`) VALUES (766382084, 215, 20);
INSERT INTO `recruiter` (`id`, `id_account`, `id_company`) VALUES (794209772, 381, 189);
INSERT INTO `recruiter` (`id`, `id_account`, `id_company`) VALUES (839485126, 97, 1);
